code,class,desc,,
1027,oral,Malignant neoplasm of lip, oral cavity and pharynx,
1028,oesophagus,Malignant neoplasm of oesophagus,,
1029,stomach,Malignant neoplasm of stomach,,
1030,colorectal,Malignant neoplasm of colon, rectum and anus,
1031,liver,Malignant neoplasm of liver and intrahepatic bile ducts,,
1032,pancreas,Malignant neoplasm of pancreas,,
1033,larynx,Malignant neoplasm of larynx,,
1034,lung,Malignant neoplasm of trachea, bronchus and lung,
1035,skin,Malignant melanoma of skin,,
1036,breast,Malignant neoplasm of breast,,
1037,cervix,Malignant neoplasm of cervix uteri,,
1038,uterus,Malignant neoplasm of other and unspecified parts of uterus,,
1039,ovary,Malignant neoplasm of ovary,,
1040,prostate,Malignant neoplasm of prostate,,
1041,bladder,Malignant neoplasm of bladder,,
1042,brain_cns,Malignant neoplasm of meninges, brain and other parts of central nervous system,
1043,lymphatic_haemopoietic,Non-Hodgkin's lymphoma,,
1044,plasma_cells,Multiple myeloma and malignant plasma cell neoplasms,,
1045,leukaemia,Leukaemia,,
1046,other_cancers,Malignant neoplasms,,
UE07,other_cancers,Malignant neoplasms,,
UE08,oral,malignant neoplasm of lip, oral cavity, pharynx
UE09,oesophagus,malignant neoplasm of oesophagus,,
UE10,stomach,malignant neoplasm of stomach,,
UE11,colorectal,malignant neoplasm of colon,,
UE12,colorectal,malignant neoplasm of rectum and anus,,
UE13,liver,malignant neoplasm of liver and the intrahepatic bile ducts,,
UE14,pancreas,malignant neoplasm of pancreas,,
UE15,lung,malignant neoplasm of larynx and trachea/bronchus/lung,,
UE16,skin,malignant neoplasm of skin,,
UE17,breast,malignant neoplasm of breast,,
UE18,cervix,malignant neoplasm of cervix uteri,,
UE19,uterus,malignant neoplasm of other parts of uterus,,
UE20,ovary,malignant neoplasm of ovary,,
UE21,prostate,malignant neoplasm of prostate,,
UE22,kidney,malignant neoplasm of kidney,,
UE23,bladder,malignant neoplasm of bladder,,
UE24,lymphatic_haemopoietic,malignant neoplasm of lymph/haematopoietic tissue,,
C000,oral, Malignant neoplasm of external upper lip,,
C001,oral, Malignant neoplasm of external lower lip,,
C002,oral, Malignant neoplasm of external lip, unspecified,
C003,oral, Malignant neoplasm of upper lip, inner aspect,
C004,oral, Malignant neoplasm of lower lip, inner aspect,
C005,oral, Malignant neoplasm of lip, unspecified, inner aspect
C006,oral, Malignant neoplasm of commissure of lip, unspecified,
C008,oral, Malignant neoplasm of overlapping sites of lip,,
C009,oral, Malignant neoplasm of lip, unspecified,
C01,oral, Malignant neoplasm of base of tongue,,
C020,oral, Malignant neoplasm of dorsal surface of tongue,,
C021,oral, Malignant neoplasm of border of tongue,,
C022,oral, Malignant neoplasm of ventral surface of tongue,,
C023,oral, Malignant neoplasm of anterior two-thirds of tongue, part unspecified,
C024,oral, Malignant neoplasm of lingual tonsil,,
C028,oral, Malignant neoplasm of overlapping sites of tongue,,
C029,oral, Malignant neoplasm of tongue, unspecified,
C030,oral, Malignant neoplasm of upper gum,,
C031,oral, Malignant neoplasm of lower gum,,
C039,oral, Malignant neoplasm of gum, unspecified,
C040,oral, Malignant neoplasm of anterior floor of mouth,,
C041,oral, Malignant neoplasm of lateral floor of mouth,,
C048,oral, Malignant neoplasm of overlapping sites of floor of mouth,,
C049,oral, Malignant neoplasm of floor of mouth, unspecified,
C050,oral, Malignant neoplasm of hard palate,,
C051,oral, Malignant neoplasm of soft palate,,
C052,oral, Malignant neoplasm of uvula,,
C058,oral, Malignant neoplasm of overlapping sites of palate,,
C059,oral, Malignant neoplasm of palate, unspecified,
C060,oral, Malignant neoplasm of cheek mucosa,,
C061,oral, Malignant neoplasm of vestibule of mouth,,
C062,oral, Malignant neoplasm of retromolar area,,
C0680,oral, Malignant neoplasm of overlapping sites of unspecified parts of mouth,,
C0689,oral, Malignant neoplasm of overlapping sites of other parts of mouth,,
C069,oral, Malignant neoplasm of mouth, unspecified,
C07,oral, Malignant neoplasm of parotid gland,,
C080,oral, Malignant neoplasm of submandibular gland,,
C081,oral, Malignant neoplasm of sublingual gland,,
C089,oral, Malignant neoplasm of major salivary gland, unspecified,
C090,oral, Malignant neoplasm of tonsillar fossa,,
C091,oral, Malignant neoplasm of tonsillar pillar (anterior) (posterior),,
C098,oral, Malignant neoplasm of overlapping sites of tonsil,,
C099,oral, Malignant neoplasm of tonsil, unspecified,
C100,oral, Malignant neoplasm of vallecula,,
C101,oral, Malignant neoplasm of anterior surface of epiglottis,,
C102,oral, Malignant neoplasm of lateral wall of oropharynx,,
C103,oral, Malignant neoplasm of posterior wall of oropharynx,,
C104,oral, Malignant neoplasm of branchial cleft,,
C108,oral, Malignant neoplasm of overlapping sites of oropharynx,,
C109,oral, Malignant neoplasm of oropharynx, unspecified,
C110,oral, Malignant neoplasm of superior wall of nasopharynx,,
C111,oral, Malignant neoplasm of posterior wall of nasopharynx,,
C112,oral, Malignant neoplasm of lateral wall of nasopharynx,,
C113,oral, Malignant neoplasm of anterior wall of nasopharynx,,
C118,oral, Malignant neoplasm of overlapping sites of nasopharynx,,
C119,oral, Malignant neoplasm of nasopharynx, unspecified,
C12,oral, Malignant neoplasm of pyriform sinus,,
C130,oral, Malignant neoplasm of postcricoid region,,
C131,oral, Malignant neoplasm of aryepiglottic fold, hypopharyngeal aspect,
C132,oral, Malignant neoplasm of posterior wall of hypopharynx,,
C138,oral, Malignant neoplasm of overlapping sites of hypopharynx,,
C139,oral, Malignant neoplasm of hypopharynx, unspecified,
C140,oral, Malignant neoplasm of pharynx, unspecified,
C142,oral, Malignant neoplasm of Waldeyer's ring,,
C148,oral, Malignant neoplasm of overlapping sites of lip, oral cavity and pharynx,
C153,oesophagus, Malignant neoplasm of upper third of esophagus,,
C154,oesophagus, Malignant neoplasm of middle third of esophagus,,
C155,oesophagus, Malignant neoplasm of lower third of esophagus,,
C158,oesophagus, Malignant neoplasm of overlapping sites of esophagus,,
C159,oesophagus, Malignant neoplasm of esophagus, unspecified,
C160,stomach, Malignant neoplasm of cardia,,
C161,stomach, Malignant neoplasm of fundus of stomach,,
C162,stomach, Malignant neoplasm of body of stomach,,
C163,stomach, Malignant neoplasm of pyloric antrum,,
C164,stomach, Malignant neoplasm of pylorus,,
C165,stomach, Malignant neoplasm of lesser curvature of stomach, unspecified,
C166,stomach, Malignant neoplasm of greater curvature of stomach, unspecified,
C168,stomach, Malignant neoplasm of overlapping sites of stomach,,
C169,stomach, Malignant neoplasm of stomach, unspecified,
C170,colorectal, Malignant neoplasm of duodenum,,
C171,colorectal, Malignant neoplasm of jejunum,,
C172,colorectal, Malignant neoplasm of ileum,,
C173,colorectal, Meckel's diverticulum, malignant,
C178,colorectal, Malignant neoplasm of overlapping sites of small intestine,,
C179,colorectal, Malignant neoplasm of small intestine, unspecified,
C180,colorectal, Malignant neoplasm of cecum,,
C181,colorectal, Malignant neoplasm of appendix,,
C182,colorectal, Malignant neoplasm of ascending colon,,
C183,colorectal, Malignant neoplasm of hepatic flexure,,
C184,colorectal, Malignant neoplasm of transverse colon,,
C185,colorectal, Malignant neoplasm of splenic flexure,,
C186,colorectal, Malignant neoplasm of descending colon,,
C187,colorectal, Malignant neoplasm of sigmoid colon,,
C188,colorectal, Malignant neoplasm of overlapping sites of colon,,
C189,colorectal, Malignant neoplasm of colon, unspecified,
C19,colorectal, Malignant neoplasm of rectosigmoid junction,,
C20,colorectal, Malignant neoplasm of rectum,,
C210,colorectal, Malignant neoplasm of anus, unspecified,
C211,colorectal, Malignant neoplasm of anal canal,,
C212,colorectal, Malignant neoplasm of cloacogenic zone,,
C218,colorectal, Malignant neoplasm of overlapping sites of rectum, anus and anal canal,
C220,liver, Liver cell carcinoma,,
C221,liver, Intrahepatic bile duct carcinoma,,
C222,liver, Hepatoblastoma,,
C223,liver, Angiosarcoma of liver,,
C224,liver, Other sarcomas of liver,,
C227,liver, Other specified carcinomas of liver,,
C228,liver, Malignant neoplasm of liver, primary, unspecified as to type
C229,liver, Malignant neoplasm of liver, not specified as primary or secondary,
C23,other_cancers, Malignant neoplasm of gallbladder,,
C240,other_cancers, Malignant neoplasm of extrahepatic bile duct,,
C241,other_cancers, Malignant neoplasm of ampulla of Vater,,
C248,other_cancers, Malignant neoplasm of overlapping sites of biliary tract,,
C249,other_cancers, Malignant neoplasm of biliary tract, unspecified,
C250,pancreas, Malignant neoplasm of head of pancreas,,
C251,pancreas, Malignant neoplasm of body of pancreas,,
C252,pancreas, Malignant neoplasm of tail of pancreas,,
C253,pancreas, Malignant neoplasm of pancreatic duct,,
C254,pancreas, Malignant neoplasm of endocrine pancreas,,
C257,pancreas, Malignant neoplasm of other parts of pancreas,,
C258,pancreas, Malignant neoplasm of overlapping sites of pancreas,,
C259,pancreas, Malignant neoplasm of pancreas, unspecified,
C260,colorectal, Malignant neoplasm of intestinal tract, part unspecified,
C261,other_cancers, Malignant neoplasm of spleen,,
C269,other_cancers, Malignant neoplasm of ill-defined sites within the digestive system,,
C300,other_cancers, Malignant neoplasm of nasal cavity,,
C301,other_cancers, Malignant neoplasm of middle ear,,
C310,other_cancers, Malignant neoplasm of maxillary sinus,,
C311,other_cancers, Malignant neoplasm of ethmoidal sinus,,
C312,other_cancers, Malignant neoplasm of frontal sinus,,
C313,other_cancers, Malignant neoplasm of sphenoid sinus,,
C318,other_cancers, Malignant neoplasm of overlapping sites of accessory sinuses,,
C319,other_cancers, Malignant neoplasm of accessory sinus, unspecified,
C320,larynx, Malignant neoplasm of glottis,,
C321,larynx, Malignant neoplasm of supraglottis,,
C322,larynx, Malignant neoplasm of subglottis,,
C323,larynx, Malignant neoplasm of laryngeal cartilage,,
C328,larynx, Malignant neoplasm of overlapping sites of larynx,,
C329,larynx, Malignant neoplasm of larynx, unspecified,
C33,lung, Malignant neoplasm of trachea,,
C3400,lung, Malignant neoplasm of unspecified main bronchus,,
C3401,lung, Malignant neoplasm of right main bronchus,,
C3402,lung, Malignant neoplasm of left main bronchus,,
C3410,lung, Malignant neoplasm of upper lobe, unspecified bronchus or lung,
C3411,lung, Malignant neoplasm of upper lobe, right bronchus or lung,
C3412,lung, Malignant neoplasm of upper lobe, left bronchus or lung,
C342,lung, Malignant neoplasm of middle lobe, bronchus or lung,
C3430,lung, Malignant neoplasm of lower lobe, unspecified bronchus or lung,
C3431,lung, Malignant neoplasm of lower lobe, right bronchus or lung,
C3432,lung, Malignant neoplasm of lower lobe, left bronchus or lung,
C3480,lung, Malignant neoplasm of overlapping sites of unspecified bronchus and lung,,
C3481,lung, Malignant neoplasm of overlapping sites of right bronchus and lung,,
C3482,lung, Malignant neoplasm of overlapping sites of left bronchus and lung,,
C3490,lung, Malignant neoplasm of unspecified part of unspecified bronchus or lung,,
C3491,lung, Malignant neoplasm of unspecified part of right bronchus or lung,,
C3492,lung, Malignant neoplasm of unspecified part of left bronchus or lung,,
C37,other_cancers, Malignant neoplasm of thymus,,
C380,other_cancers, Malignant neoplasm of heart,,
C381,other_cancers, Malignant neoplasm of anterior mediastinum,,
C382,other_cancers, Malignant neoplasm of posterior mediastinum,,
C383,other_cancers, Malignant neoplasm of mediastinum, part unspecified,
C384,other_cancers, Malignant neoplasm of pleura,,
C388,other_cancers, Malignant neoplasm of overlapping sites of heart, mediastinum and pleura,
C390,other_cancers, Malignant neoplasm of upper respiratory tract, part unspecified,
C399,other_cancers, Malignant neoplasm of lower respiratory tract, part unspecified,
C4000,other_cancers, Malignant neoplasm of scapula and long bones of unspecified upper limb,,
C4001,other_cancers, Malignant neoplasm of scapula and long bones of right upper limb,,
C4002,other_cancers, Malignant neoplasm of scapula and long bones of left upper limb,,
C4010,other_cancers, Malignant neoplasm of short bones of unspecified upper limb,,
C4011,other_cancers, Malignant neoplasm of short bones of right upper limb,,
C4012,other_cancers, Malignant neoplasm of short bones of left upper limb,,
C4020,other_cancers, Malignant neoplasm of long bones of unspecified lower limb,,
C4021,other_cancers, Malignant neoplasm of long bones of right lower limb,,
C4022,other_cancers, Malignant neoplasm of long bones of left lower limb,,
C4030,other_cancers, Malignant neoplasm of short bones of unspecified lower limb,,
C4031,other_cancers, Malignant neoplasm of short bones of right lower limb,,
C4032,other_cancers, Malignant neoplasm of short bones of left lower limb,,
C4080,other_cancers, Malignant neoplasm of overlapping sites of bone and articular cartilage of unspecified limb,,
C4081,other_cancers, Malignant neoplasm of overlapping sites of bone and articular cartilage of right limb,,
C4082,other_cancers, Malignant neoplasm of overlapping sites of bone and articular cartilage of left limb,,
C4090,other_cancers, Malignant neoplasm of unspecified bones and articular cartilage of unspecified limb,,
C4091,other_cancers, Malignant neoplasm of unspecified bones and articular cartilage of right limb,,
C4092,other_cancers, Malignant neoplasm of unspecified bones and articular cartilage of left limb,,
C410,other_cancers, Malignant neoplasm of bones of skull and face,,
C411,other_cancers, Malignant neoplasm of mandible,,
C412,other_cancers, Malignant neoplasm of vertebral column,,
C413,other_cancers, Malignant neoplasm of ribs, sternum and clavicle,
C414,other_cancers, Malignant neoplasm of pelvic bones, sacrum and coccyx,
C419,other_cancers, Malignant neoplasm of bone and articular cartilage, unspecified,
C430,skin, Malignant melanoma of lip,,
C4310,skin, Malignant melanoma of unspecified eyelid, including canthus,
C4311,skin, Malignant melanoma of right eyelid, including canthus,
C4312,skin, Malignant melanoma of left eyelid, including canthus,
C4320,skin, Malignant melanoma of unspecified ear and external auricular canal,,
C4321,skin, Malignant melanoma of right ear and external auricular canal,,
C4322,skin, Malignant melanoma of left ear and external auricular canal,,
C4330,skin, Malignant melanoma of unspecified part of face,,
C4331,skin, Malignant melanoma of nose,,
C4339,skin, Malignant melanoma of other parts of face,,
C434,skin, Malignant melanoma of scalp and neck,,
C4351,skin, Malignant melanoma of anal skin,,
C4352,skin, Malignant melanoma of skin of breast,,
C4359,skin, Malignant melanoma of other part of trunk,,
C4360,skin, Malignant melanoma of unspecified upper limb, including shoulder,
C4361,skin, Malignant melanoma of right upper limb, including shoulder,
C4362,skin, Malignant melanoma of left upper limb, including shoulder,
C4370,skin, Malignant melanoma of unspecified lower limb, including hip,
C4371,skin, Malignant melanoma of right lower limb, including hip,
C4372,skin, Malignant melanoma of left lower limb, including hip,
C438,skin, Malignant melanoma of overlapping sites of skin,,
C439,skin, Malignant melanoma of skin, unspecified,
C4A0,skin, Merkel cell carcinoma of lip,,
C4A10,skin, Merkel cell carcinoma of unspecified eyelid, including canthus,
C4A11,skin, Merkel cell carcinoma of right eyelid, including canthus,
C4A12,skin, Merkel cell carcinoma of left eyelid, including canthus,
C4A20,skin, Merkel cell carcinoma of unspecified ear and external auricular canal,,
C4A21,skin, Merkel cell carcinoma of right ear and external auricular canal,,
C4A22,skin, Merkel cell carcinoma of left ear and external auricular canal,,
C4A30,skin, Merkel cell carcinoma of unspecified part of face,,
C4A31,skin, Merkel cell carcinoma of nose,,
C4A39,skin, Merkel cell carcinoma of other parts of face,,
C4A4,skin, Merkel cell carcinoma of scalp and neck,,
C4A51,skin, Merkel cell carcinoma of anal skin,,
C4A52,skin, Merkel cell carcinoma of skin of breast,,
C4A59,skin, Merkel cell carcinoma of other part of trunk,,
C4A60,skin, Merkel cell carcinoma of unspecified upper limb, including shoulder,
C4A61,skin, Merkel cell carcinoma of right upper limb, including shoulder,
C4A62,skin, Merkel cell carcinoma of left upper limb, including shoulder,
C4A70,skin, Merkel cell carcinoma of unspecified lower limb, including hip,
C4A71,skin, Merkel cell carcinoma of right lower limb, including hip,
C4A72,skin, Merkel cell carcinoma of left lower limb, including hip,
C4A8,skin, Merkel cell carcinoma of overlapping sites,,
C4A9,skin, Merkel cell carcinoma, unspecified,
C4400,skin, Unspecified malignant neoplasm of skin of lip,,
C4401,skin, Basal cell carcinoma of skin of lip,,
C4402,skin, Squamous cell carcinoma of skin of lip,,
C4409,skin, Other specified malignant neoplasm of skin of lip,,
C44101,skin, Unspecified malignant neoplasm of skin of unspecified eyelid, including canthus,
C44102,skin, Unspecified malignant neoplasm of skin of right eyelid, including canthus,
C44109,skin, Unspecified malignant neoplasm of skin of left eyelid, including canthus,
C44111,skin, Basal cell carcinoma of skin of unspecified eyelid, including canthus,
C44112,skin, Basal cell carcinoma of skin of right eyelid, including canthus,
C44119,skin, Basal cell carcinoma of skin of left eyelid, including canthus,
C44121,skin, Squamous cell carcinoma of skin of unspecified eyelid, including canthus,
C44122,skin, Squamous cell carcinoma of skin of right eyelid, including canthus,
C44129,skin, Squamous cell carcinoma of skin of left eyelid, including canthus,
C44191,skin, Other specified malignant neoplasm of skin of unspecified eyelid, including canthus,
C44192,skin, Other specified malignant neoplasm of skin of right eyelid, including canthus,
C44199,skin, Other specified malignant neoplasm of skin of left eyelid, including canthus,
C44201,skin, Unspecified malignant neoplasm of skin of unspecified ear and external auricular canal,,
C44202,skin, Unspecified malignant neoplasm of skin of right ear and external auricular canal,,
C44209,skin, Unspecified malignant neoplasm of skin of left ear and external auricular canal,,
C44211,skin, Basal cell carcinoma of skin of unspecified ear and external auricular canal,,
C44212,skin, Basal cell carcinoma of skin of right ear and external auricular canal,,
C44219,skin, Basal cell carcinoma of skin of left ear and external auricular canal,,
C44221,skin, Squamous cell carcinoma of skin of unspecified ear and external auricular canal,,
C44222,skin, Squamous cell carcinoma of skin of right ear and external auricular canal,,
C44229,skin, Squamous cell carcinoma of skin of left ear and external auricular canal,,
C44291,skin, Other specified malignant neoplasm of skin of unspecified ear and external auricular canal,,
C44292,skin, Other specified malignant neoplasm of skin of right ear and external auricular canal,,
C44299,skin, Other specified malignant neoplasm of skin of left ear and external auricular canal,,
C44300,skin, Unspecified malignant neoplasm of skin of unspecified part of face,,
C44301,skin, Unspecified malignant neoplasm of skin of nose,,
C44309,skin, Unspecified malignant neoplasm of skin of other parts of face,,
C44310,skin, Basal cell carcinoma of skin of unspecified parts of face,,
C44311,skin, Basal cell carcinoma of skin of nose,,
C44319,skin, Basal cell carcinoma of skin of other parts of face,,
C44320,skin, Squamous cell carcinoma of skin of unspecified parts of face,,
C44321,skin, Squamous cell carcinoma of skin of nose,,
C44329,skin, Squamous cell carcinoma of skin of other parts of face,,
C44390,skin, Other specified malignant neoplasm of skin of unspecified parts of face,,
C44391,skin, Other specified malignant neoplasm of skin of nose,,
C44399,skin, Other specified malignant neoplasm of skin of other parts of face,,
C4440,skin, Unspecified malignant neoplasm of skin of scalp and neck,,
C4441,skin, Basal cell carcinoma of skin of scalp and neck,,
C4442,skin, Squamous cell carcinoma of skin of scalp and neck,,
C4449,skin, Other specified malignant neoplasm of skin of scalp and neck,,
C44500,skin, Unspecified malignant neoplasm of anal skin,,
C44501,skin, Unspecified malignant neoplasm of skin of breast,,
C44509,skin, Unspecified malignant neoplasm of skin of other part of trunk,,
C44510,skin, Basal cell carcinoma of anal skin,,
C44511,skin, Basal cell carcinoma of skin of breast,,
C44519,skin, Basal cell carcinoma of skin of other part of trunk,,
C44520,skin, Squamous cell carcinoma of anal skin,,
C44521,skin, Squamous cell carcinoma of skin of breast,,
C44529,skin, Squamous cell carcinoma of skin of other part of trunk,,
C44590,skin, Other specified malignant neoplasm of anal skin,,
C44591,skin, Other specified malignant neoplasm of skin of breast,,
C44599,skin, Other specified malignant neoplasm of skin of other part of trunk,,
C44601,skin, Unspecified malignant neoplasm of skin of unspecified upper limb, including shoulder,
C44602,skin, Unspecified malignant neoplasm of skin of right upper limb, including shoulder,
C44609,skin, Unspecified malignant neoplasm of skin of left upper limb, including shoulder,
C44611,skin, Basal cell carcinoma of skin of unspecified upper limb, including shoulder,
C44612,skin, Basal cell carcinoma of skin of right upper limb, including shoulder,
C44619,skin, Basal cell carcinoma of skin of left upper limb, including shoulder,
C44621,skin, Squamous cell carcinoma of skin of unspecified upper limb, including shoulder,
C44622,skin, Squamous cell carcinoma of skin of right upper limb, including shoulder,
C44629,skin, Squamous cell carcinoma of skin of left upper limb, including shoulder,
C44691,skin, Other specified malignant neoplasm of skin of unspecified upper limb, including shoulder,
C44692,skin, Other specified malignant neoplasm of skin of right upper limb, including shoulder,
C44699,skin, Other specified malignant neoplasm of skin of left upper limb, including shoulder,
C44701,skin, Unspecified malignant neoplasm of skin of unspecified lower limb, including hip,
C44702,skin, Unspecified malignant neoplasm of skin of right lower limb, including hip,
C44709,skin, Unspecified malignant neoplasm of skin of left lower limb, including hip,
C44711,skin, Basal cell carcinoma of skin of unspecified lower limb, including hip,
C44712,skin, Basal cell carcinoma of skin of right lower limb, including hip,
C44719,skin, Basal cell carcinoma of skin of left lower limb, including hip,
C44721,skin, Squamous cell carcinoma of skin of unspecified lower limb, including hip,
C44722,skin, Squamous cell carcinoma of skin of right lower limb, including hip,
C44729,skin, Squamous cell carcinoma of skin of left lower limb, including hip,
C44791,skin, Other specified malignant neoplasm of skin of unspecified lower limb, including hip,
C44792,skin, Other specified malignant neoplasm of skin of right lower limb, including hip,
C44799,skin, Other specified malignant neoplasm of skin of left lower limb, including hip,
C4480,skin, Unspecified malignant neoplasm of overlapping sites of skin,,
C4481,skin, Basal cell carcinoma of overlapping sites of skin,,
C4482,skin, Squamous cell carcinoma of overlapping sites of skin,,
C4489,skin, Other specified malignant neoplasm of overlapping sites of skin,,
C4490,skin, Unspecified malignant neoplasm of skin, unspecified,
C4491,skin, Basal cell carcinoma of skin, unspecified,
C4492,skin, Squamous cell carcinoma of skin, unspecified,
C4499,skin, Other specified malignant neoplasm of skin, unspecified,
C450,other_cancers, Mesothelioma of pleura,,
C451,other_cancers, Mesothelioma of peritoneum,,
C452,other_cancers, Mesothelioma of pericardium,,
C457,other_cancers, Mesothelioma of other sites,,
C459,other_cancers, Mesothelioma, unspecified,
C460,other_cancers, Kaposi's sarcoma of skin,,
C461,other_cancers, Kaposi's sarcoma of soft tissue,,
C462,other_cancers, Kaposi's sarcoma of palate,,
C463,other_cancers, Kaposi's sarcoma of lymph nodes,,
C464,other_cancers, Kaposi's sarcoma of gastrointestinal sites,,
C4650,other_cancers, Kaposi's sarcoma of unspecified lung,,
C4651,other_cancers, Kaposi's sarcoma of right lung,,
C4652,other_cancers, Kaposi's sarcoma of left lung,,
C467,other_cancers, Kaposi's sarcoma of other sites,,
C469,other_cancers, Kaposi's sarcoma, unspecified,
C470,other_cancers, Malignant neoplasm of peripheral nerves of head, face and neck,
C4710,other_cancers, Malignant neoplasm of peripheral nerves of unspecified upper limb, including shoulder,
C4711,other_cancers, Malignant neoplasm of peripheral nerves of right upper limb, including shoulder,
C4712,other_cancers, Malignant neoplasm of peripheral nerves of left upper limb, including shoulder,
C4720,other_cancers, Malignant neoplasm of peripheral nerves of unspecified lower limb, including hip,
C4721,other_cancers, Malignant neoplasm of peripheral nerves of right lower limb, including hip,
C4722,other_cancers, Malignant neoplasm of peripheral nerves of left lower limb, including hip,
C473,other_cancers, Malignant neoplasm of peripheral nerves of thorax,,
C474,other_cancers, Malignant neoplasm of peripheral nerves of abdomen,,
C475,other_cancers, Malignant neoplasm of peripheral nerves of pelvis,,
C476,other_cancers, Malignant neoplasm of peripheral nerves of trunk, unspecified,
C478,other_cancers, Malignant neoplasm of overlapping sites of peripheral nerves and autonomic nervous system,,
C479,other_cancers, Malignant neoplasm of peripheral nerves and autonomic nervous system, unspecified,
C480,other_cancers, Malignant neoplasm of retroperitoneum,,
C481,other_cancers, Malignant neoplasm of specified parts of peritoneum,,
C482,other_cancers, Malignant neoplasm of peritoneum, unspecified,
C488,other_cancers, Malignant neoplasm of overlapping sites of retroperitoneum and peritoneum,,
C490,other_cancers, Malignant neoplasm of connective and soft tissue of head, face and neck,
C4910,other_cancers, Malignant neoplasm of connective and soft tissue of unspecified upper limb, including shoulder,
C4911,other_cancers, Malignant neoplasm of connective and soft tissue of right upper limb, including shoulder,
C4912,other_cancers, Malignant neoplasm of connective and soft tissue of left upper limb, including shoulder,
C4920,other_cancers, Malignant neoplasm of connective and soft tissue of unspecified lower limb, including hip,
C4921,other_cancers, Malignant neoplasm of connective and soft tissue of right lower limb, including hip,
C4922,other_cancers, Malignant neoplasm of connective and soft tissue of left lower limb, including hip,
C493,other_cancers, Malignant neoplasm of connective and soft tissue of thorax,,
C494,other_cancers, Malignant neoplasm of connective and soft tissue of abdomen,,
C495,other_cancers, Malignant neoplasm of connective and soft tissue of pelvis,,
C496,other_cancers, Malignant neoplasm of connective and soft tissue of trunk, unspecified,
C498,other_cancers, Malignant neoplasm of overlapping sites of connective and soft tissue,,
C499,other_cancers, Malignant neoplasm of connective and soft tissue, unspecified,
C50011,breast, Malignant neoplasm of nipple and areola, right female breast,
C50012,breast, Malignant neoplasm of nipple and areola, left female breast,
C50019,breast, Malignant neoplasm of nipple and areola, unspecified female breast,
C50021,breast, Malignant neoplasm of nipple and areola, right male breast,
C50022,breast, Malignant neoplasm of nipple and areola, left male breast,
C50029,breast, Malignant neoplasm of nipple and areola, unspecified male breast,
C50111,breast, Malignant neoplasm of central portion of right female breast,,
C50112,breast, Malignant neoplasm of central portion of left female breast,,
C50119,breast, Malignant neoplasm of central portion of unspecified female breast,,
C50121,breast, Malignant neoplasm of central portion of right male breast,,
C50122,breast, Malignant neoplasm of central portion of left male breast,,
C50129,breast, Malignant neoplasm of central portion of unspecified male breast,,
C50211,breast, Malignant neoplasm of upper-inner quadrant of right female breast,,
C50212,breast, Malignant neoplasm of upper-inner quadrant of left female breast,,
C50219,breast, Malignant neoplasm of upper-inner quadrant of unspecified female breast,,
C50221,breast, Malignant neoplasm of upper-inner quadrant of right male breast,,
C50222,breast, Malignant neoplasm of upper-inner quadrant of left male breast,,
C50229,breast, Malignant neoplasm of upper-inner quadrant of unspecified male breast,,
C50311,breast, Malignant neoplasm of lower-inner quadrant of right female breast,,
C50312,breast, Malignant neoplasm of lower-inner quadrant of left female breast,,
C50319,breast, Malignant neoplasm of lower-inner quadrant of unspecified female breast,,
C50321,breast, Malignant neoplasm of lower-inner quadrant of right male breast,,
C50322,breast, Malignant neoplasm of lower-inner quadrant of left male breast,,
C50329,breast, Malignant neoplasm of lower-inner quadrant of unspecified male breast,,
C50411,breast, Malignant neoplasm of upper-outer quadrant of right female breast,,
C50412,breast, Malignant neoplasm of upper-outer quadrant of left female breast,,
C50419,breast, Malignant neoplasm of upper-outer quadrant of unspecified female breast,,
C50421,breast, Malignant neoplasm of upper-outer quadrant of right male breast,,
C50422,breast, Malignant neoplasm of upper-outer quadrant of left male breast,,
C50429,breast, Malignant neoplasm of upper-outer quadrant of unspecified male breast,,
C50511,breast, Malignant neoplasm of lower-outer quadrant of right female breast,,
C50512,breast, Malignant neoplasm of lower-outer quadrant of left female breast,,
C50519,breast, Malignant neoplasm of lower-outer quadrant of unspecified female breast,,
C50521,breast, Malignant neoplasm of lower-outer quadrant of right male breast,,
C50522,breast, Malignant neoplasm of lower-outer quadrant of left male breast,,
C50529,breast, Malignant neoplasm of lower-outer quadrant of unspecified male breast,,
C50611,breast, Malignant neoplasm of axillary tail of right female breast,,
C50612,breast, Malignant neoplasm of axillary tail of left female breast,,
C50619,breast, Malignant neoplasm of axillary tail of unspecified female breast,,
C50621,breast, Malignant neoplasm of axillary tail of right male breast,,
C50622,breast, Malignant neoplasm of axillary tail of left male breast,,
C50629,breast, Malignant neoplasm of axillary tail of unspecified male breast,,
C50811,breast, Malignant neoplasm of overlapping sites of right female breast,,
C50812,breast, Malignant neoplasm of overlapping sites of left female breast,,
C50819,breast, Malignant neoplasm of overlapping sites of unspecified female breast,,
C50821,breast, Malignant neoplasm of overlapping sites of right male breast,,
C50822,breast, Malignant neoplasm of overlapping sites of left male breast,,
C50829,breast, Malignant neoplasm of overlapping sites of unspecified male breast,,
C50911,breast, Malignant neoplasm of unspecified site of right female breast,,
C50912,breast, Malignant neoplasm of unspecified site of left female breast,,
C50919,breast, Malignant neoplasm of unspecified site of unspecified female breast,,
C50921,breast, Malignant neoplasm of unspecified site of right male breast,,
C50922,breast, Malignant neoplasm of unspecified site of left male breast,,
C50929,breast, Malignant neoplasm of unspecified site of unspecified male breast,,
C510,female_genital, Malignant neoplasm of labium majus,,
C511,female_genital, Malignant neoplasm of labium minus,,
C512,female_genital, Malignant neoplasm of clitoris,,
C518,female_genital, Malignant neoplasm of overlapping sites of vulva,,
C519,female_genital, Malignant neoplasm of vulva, unspecified,
C52,female_genital, Malignant neoplasm of vagina,,
C530,cervix, Malignant neoplasm of endocervix,,
C531,cervix, Malignant neoplasm of exocervix,,
C538,cervix, Malignant neoplasm of overlapping sites of cervix uteri,,
C539,cervix, Malignant neoplasm of cervix uteri, unspecified,
C540,uterus, Malignant neoplasm of isthmus uteri,,
C541,uterus, Malignant neoplasm of endometrium,,
C542,uterus, Malignant neoplasm of myometrium,,
C543,uterus, Malignant neoplasm of fundus uteri,,
C548,uterus, Malignant neoplasm of overlapping sites of corpus uteri,,
C549,uterus, Malignant neoplasm of corpus uteri, unspecified,
C55,uterus, Malignant neoplasm of uterus, part unspecified,
C561,ovary, Malignant neoplasm of right ovary,,
C562,ovary, Malignant neoplasm of left ovary,,
C569,ovary, Malignant neoplasm of unspecified ovary,,
C5700,female_genital, Malignant neoplasm of unspecified fallopian tube,,
C5701,female_genital, Malignant neoplasm of right fallopian tube,,
C5702,female_genital, Malignant neoplasm of left fallopian tube,,
C5710,female_genital, Malignant neoplasm of unspecified broad ligament,,
C5711,female_genital, Malignant neoplasm of right broad ligament,,
C5712,female_genital, Malignant neoplasm of left broad ligament,,
C5720,female_genital, Malignant neoplasm of unspecified round ligament,,
C5721,female_genital, Malignant neoplasm of right round ligament,,
C5722,female_genital, Malignant neoplasm of left round ligament,,
C573,female_genital, Malignant neoplasm of parametrium,,
C574,female_genital, Malignant neoplasm of uterine adnexa, unspecified,
C577,female_genital, Malignant neoplasm of other specified female genital organs,,
C578,female_genital, Malignant neoplasm of overlapping sites of female genital organs,,
C579,female_genital, Malignant neoplasm of female genital organ, unspecified,
C58,placenta, Malignant neoplasm of placenta,,
C600,male_genital, Malignant neoplasm of prepuce,,
C601,male_genital, Malignant neoplasm of glans penis,,
C602,male_genital, Malignant neoplasm of body of penis,,
C608,male_genital, Malignant neoplasm of overlapping sites of penis,,
C609,male_genital, Malignant neoplasm of penis, unspecified,
C61,prostate, Malignant neoplasm of prostate,,
C6200,male_genital, Malignant neoplasm of unspecified undescended testis,,
C6201,male_genital, Malignant neoplasm of undescended right testis,,
C6202,male_genital, Malignant neoplasm of undescended left testis,,
C6210,male_genital, Malignant neoplasm of unspecified descended testis,,
C6211,male_genital, Malignant neoplasm of descended right testis,,
C6212,male_genital, Malignant neoplasm of descended left testis,,
C6290,male_genital, Malignant neoplasm of unspecified testis, unspecified whether descended or undescended,
C6291,male_genital, Malignant neoplasm of right testis, unspecified whether descended or undescended,
C6292,male_genital, Malignant neoplasm of left testis, unspecified whether descended or undescended,
C6300,male_genital, Malignant neoplasm of unspecified epididymis,,
C6301,male_genital, Malignant neoplasm of right epididymis,,
C6302,male_genital, Malignant neoplasm of left epididymis,,
C6310,male_genital, Malignant neoplasm of unspecified spermatic cord,,
C6311,male_genital, Malignant neoplasm of right spermatic cord,,
C6312,male_genital, Malignant neoplasm of left spermatic cord,,
C632,male_genital, Malignant neoplasm of scrotum,,
C637,male_genital, Malignant neoplasm of other specified male genital organs,,
C638,male_genital, Malignant neoplasm of overlapping sites of male genital organs,,
C639,male_genital, Malignant neoplasm of male genital organ, unspecified,
C641,kidney, Malignant neoplasm of right kidney, except renal pelvis,
C642,kidney, Malignant neoplasm of left kidney, except renal pelvis,
C649,kidney, Malignant neoplasm of unspecified kidney, except renal pelvis,
C651,other_cancers, Malignant neoplasm of right renal pelvis,,
C652,other_cancers, Malignant neoplasm of left renal pelvis,,
C659,other_cancers, Malignant neoplasm of unspecified renal pelvis,,
C661,other_cancers, Malignant neoplasm of right ureter,,
C662,other_cancers, Malignant neoplasm of left ureter,,
C669,other_cancers, Malignant neoplasm of unspecified ureter,,
C670,bladder, Malignant neoplasm of trigone of bladder,,
C671,bladder, Malignant neoplasm of dome of bladder,,
C672,bladder, Malignant neoplasm of lateral wall of bladder,,
C673,bladder, Malignant neoplasm of anterior wall of bladder,,
C674,bladder, Malignant neoplasm of posterior wall of bladder,,
C675,bladder, Malignant neoplasm of bladder neck,,
C676,bladder, Malignant neoplasm of ureteric orifice,,
C677,bladder, Malignant neoplasm of urachus,,
C678,bladder, Malignant neoplasm of overlapping sites of bladder,,
C679,bladder, Malignant neoplasm of bladder, unspecified,
C680,other_cancers, Malignant neoplasm of urethra,,
C681,other_cancers, Malignant neoplasm of paraurethral glands,,
C688,other_cancers, Malignant neoplasm of overlapping sites of urinary organs,,
C689,other_cancers, Malignant neoplasm of urinary organ, unspecified,
C6900,other_cancers, Malignant neoplasm of unspecified conjunctiva,,
C6901,other_cancers, Malignant neoplasm of right conjunctiva,,
C6902,other_cancers, Malignant neoplasm of left conjunctiva,,
C6910,other_cancers, Malignant neoplasm of unspecified cornea,,
C6911,other_cancers, Malignant neoplasm of right cornea,,
C6912,other_cancers, Malignant neoplasm of left cornea,,
C6920,other_cancers, Malignant neoplasm of unspecified retina,,
C6921,other_cancers, Malignant neoplasm of right retina,,
C6922,other_cancers, Malignant neoplasm of left retina,,
C6930,other_cancers, Malignant neoplasm of unspecified choroid,,
C6931,other_cancers, Malignant neoplasm of right choroid,,
C6932,other_cancers, Malignant neoplasm of left choroid,,
C6940,other_cancers, Malignant neoplasm of unspecified ciliary body,,
C6941,other_cancers, Malignant neoplasm of right ciliary body,,
C6942,other_cancers, Malignant neoplasm of left ciliary body,,
C6950,other_cancers, Malignant neoplasm of unspecified lacrimal gland and duct,,
C6951,other_cancers, Malignant neoplasm of right lacrimal gland and duct,,
C6952,other_cancers, Malignant neoplasm of left lacrimal gland and duct,,
C6960,other_cancers, Malignant neoplasm of unspecified orbit,,
C6961,other_cancers, Malignant neoplasm of right orbit,,
C6962,other_cancers, Malignant neoplasm of left orbit,,
C6980,other_cancers, Malignant neoplasm of overlapping sites of unspecified eye and adnexa,,
C6981,other_cancers, Malignant neoplasm of overlapping sites of right eye and adnexa,,
C6982,other_cancers, Malignant neoplasm of overlapping sites of left eye and adnexa,,
C6990,other_cancers, Malignant neoplasm of unspecified site of unspecified eye,,
C6991,other_cancers, Malignant neoplasm of unspecified site of right eye,,
C6992,other_cancers, Malignant neoplasm of unspecified site of left eye,,
C700,brain_cns, Malignant neoplasm of cerebral meninges,,
C701,brain_cns, Malignant neoplasm of spinal meninges,,
C709,brain_cns, Malignant neoplasm of meninges, unspecified,
C710,brain_cns, Malignant neoplasm of cerebrum, except lobes and ventricles,
C711,brain_cns, Malignant neoplasm of frontal lobe,,
C712,brain_cns, Malignant neoplasm of temporal lobe,,
C713,brain_cns, Malignant neoplasm of parietal lobe,,
C714,brain_cns, Malignant neoplasm of occipital lobe,,
C715,brain_cns, Malignant neoplasm of cerebral ventricle,,
C716,brain_cns, Malignant neoplasm of cerebellum,,
C717,brain_cns, Malignant neoplasm of brain stem,,
C718,brain_cns, Malignant neoplasm of overlapping sites of brain,,
C719,brain_cns, Malignant neoplasm of brain, unspecified,
C720,brain_cns, Malignant neoplasm of spinal cord,,
C721,brain_cns, Malignant neoplasm of cauda equina,,
C7220,brain_cns, Malignant neoplasm of unspecified olfactory nerve,,
C7221,brain_cns, Malignant neoplasm of right olfactory nerve,,
C7222,brain_cns, Malignant neoplasm of left olfactory nerve,,
C7230,brain_cns, Malignant neoplasm of unspecified optic nerve,,
C7231,brain_cns, Malignant neoplasm of right optic nerve,,
C7232,brain_cns, Malignant neoplasm of left optic nerve,,
C7240,brain_cns, Malignant neoplasm of unspecified acoustic nerve,,
C7241,brain_cns, Malignant neoplasm of right acoustic nerve,,
C7242,brain_cns, Malignant neoplasm of left acoustic nerve,,
C7250,brain_cns, Malignant neoplasm of unspecified cranial nerve,,
C7259,brain_cns, Malignant neoplasm of other cranial nerves,,
C729,brain_cns, Malignant neoplasm of central nervous system, unspecified,
C73,other_cancers, Malignant neoplasm of thyroid gland,,
C7400,other_cancers, Malignant neoplasm of cortex of unspecified adrenal gland,,
C7401,other_cancers, Malignant neoplasm of cortex of right adrenal gland,,
C7402,other_cancers, Malignant neoplasm of cortex of left adrenal gland,,
C7410,other_cancers, Malignant neoplasm of medulla of unspecified adrenal gland,,
C7411,other_cancers, Malignant neoplasm of medulla of right adrenal gland,,
C7412,other_cancers, Malignant neoplasm of medulla of left adrenal gland,,
C7490,other_cancers, Malignant neoplasm of unspecified part of unspecified adrenal gland,,
C7491,other_cancers, Malignant neoplasm of unspecified part of right adrenal gland,,
C7492,other_cancers, Malignant neoplasm of unspecified part of left adrenal gland,,
C750,other_cancers, Malignant neoplasm of parathyroid gland,,
C751,other_cancers, Malignant neoplasm of pituitary gland,,
C752,other_cancers, Malignant neoplasm of craniopharyngeal duct,,
C753,other_cancers, Malignant neoplasm of pineal gland,,
C754,other_cancers, Malignant neoplasm of carotid body,,
C755,other_cancers, Malignant neoplasm of aortic body and other paraganglia,,
C758,other_cancers, Malignant neoplasm with pluriglandular involvement, unspecified,
C759,other_cancers, Malignant neoplasm of endocrine gland, unspecified,
C7A00,other_cancers, Malignant carcinoid tumor of unspecified site,,
C7A010,other_cancers, Malignant carcinoid tumor of the duodenum,,
C7A011,other_cancers, Malignant carcinoid tumor of the jejunum,,
C7A012,other_cancers, Malignant carcinoid tumor of the ileum,,
C7A019,other_cancers, Malignant carcinoid tumor of the small intestine, unspecified portion,
C7A020,other_cancers, Malignant carcinoid tumor of the appendix,,
C7A021,other_cancers, Malignant carcinoid tumor of the cecum,,
C7A022,colorectal, Malignant carcinoid tumor of the ascending colon,,
C7A023,colorectal, Malignant carcinoid tumor of the transverse colon,,
C7A024,colorectal, Malignant carcinoid tumor of the descending colon,,
C7A025,colorectal, Malignant carcinoid tumor of the sigmoid colon,,
C7A026,colorectal, Malignant carcinoid tumor of the rectum,,
C7A029,colorectal, Malignant carcinoid tumor of the large intestine, unspecified portion,
C7A090,lung, Malignant carcinoid tumor of the bronchus and lung,,
C7A091,other_cancers, Malignant carcinoid tumor of the thymus,,
C7A092,stomach, Malignant carcinoid tumor of the stomach,,
C7A093,kidney, Malignant carcinoid tumor of the kidney,,
C7A094,other_cancers, Malignant carcinoid tumor of the foregut NOS,,
C7A095,other_cancers, Malignant carcinoid tumor of the midgut NOS,,
C7A096,other_cancers, Malignant carcinoid tumor of the hindgut NOS,,
C7A098,other_cancers, Malignant carcinoid tumors of other sites,,
C7A1,other_cancers, Malignant poorly differentiated neuroendocrine tumors,,
C7A8,other_cancers, Other malignant neuroendocrine tumors,,
C7B00,other_cancers, Secondary carcinoid tumors, unspecified site,
C7B01,other_cancers, Secondary carcinoid tumors of distant lymph nodes,,
C7B02,other_cancers, Secondary carcinoid tumors of liver,,
C7B03,other_cancers, Secondary carcinoid tumors of bone,,
C7B04,other_cancers, Secondary carcinoid tumors of peritoneum,,
C7B09,other_cancers, Secondary carcinoid tumors of other sites,,
C7B1,other_cancers, Secondary Merkel cell carcinoma,,
C7B8,other_cancers, Other secondary neuroendocrine tumors,,
C760,other_cancers, Malignant neoplasm of head, face and neck,
C761,other_cancers, Malignant neoplasm of thorax,,
C762,other_cancers, Malignant neoplasm of abdomen,,
C763,other_cancers, Malignant neoplasm of pelvis,,
C7640,other_cancers, Malignant neoplasm of unspecified upper limb,,
C7641,other_cancers, Malignant neoplasm of right upper limb,,
C7642,other_cancers, Malignant neoplasm of left upper limb,,
C7650,other_cancers, Malignant neoplasm of unspecified lower limb,,
C7651,other_cancers, Malignant neoplasm of right lower limb,,
C7652,other_cancers, Malignant neoplasm of left lower limb,,
C768,other_cancers, Malignant neoplasm of other specified ill-defined sites,,
C770,other_cancers, Secondary and unspecified malignant neoplasm of lymph nodes of head, face and neck,
C771,other_cancers, Secondary and unspecified malignant neoplasm of intrathoracic lymph nodes,,
C772,other_cancers, Secondary and unspecified malignant neoplasm of intra-abdominal lymph nodes,,
C773,other_cancers, Secondary and unspecified malignant neoplasm of axilla and upper limb lymph nodes,,
C774,other_cancers, Secondary and unspecified malignant neoplasm of inguinal and lower limb lymph nodes,,
C775,other_cancers, Secondary and unspecified malignant neoplasm of intrapelvic lymph nodes,,
C778,other_cancers, Secondary and unspecified malignant neoplasm of lymph nodes of multiple regions,,
C779,other_cancers, Secondary and unspecified malignant neoplasm of lymph node, unspecified,
C7800,other_cancers, Secondary malignant neoplasm of unspecified lung,,
C7801,other_cancers, Secondary malignant neoplasm of right lung,,
C7802,other_cancers, Secondary malignant neoplasm of left lung,,
C781,other_cancers, Secondary malignant neoplasm of mediastinum,,
C782,other_cancers, Secondary malignant neoplasm of pleura,,
C7830,other_cancers, Secondary malignant neoplasm of unspecified respiratory organ,,
C7839,other_cancers, Secondary malignant neoplasm of other respiratory organs,,
C784,other_cancers, Secondary malignant neoplasm of small intestine,,
C785,other_cancers, Secondary malignant neoplasm of large intestine and rectum,,
C786,other_cancers, Secondary malignant neoplasm of retroperitoneum and peritoneum,,
C787,other_cancers, Secondary malignant neoplasm of liver and intrahepatic bile duct,,
C7880,other_cancers, Secondary malignant neoplasm of unspecified digestive organ,,
C7889,other_cancers, Secondary malignant neoplasm of other digestive organs,,
C7900,other_cancers, Secondary malignant neoplasm of unspecified kidney and renal pelvis,,
C7901,other_cancers, Secondary malignant neoplasm of right kidney and renal pelvis,,
C7902,other_cancers, Secondary malignant neoplasm of left kidney and renal pelvis,,
C7910,other_cancers, Secondary malignant neoplasm of unspecified urinary organs,,
C7911,other_cancers, Secondary malignant neoplasm of bladder,,
C7919,other_cancers, Secondary malignant neoplasm of other urinary organs,,
C792,other_cancers, Secondary malignant neoplasm of skin,,
C7931,other_cancers, Secondary malignant neoplasm of brain,,
C7932,other_cancers, Secondary malignant neoplasm of cerebral meninges,,
C7940,other_cancers, Secondary malignant neoplasm of unspecified part of nervous system,,
C7949,other_cancers, Secondary malignant neoplasm of other parts of nervous system,,
C7951,other_cancers, Secondary malignant neoplasm of bone,,
C7952,other_cancers, Secondary malignant neoplasm of bone marrow,,
C7960,other_cancers, Secondary malignant neoplasm of unspecified ovary,,
C7961,other_cancers, Secondary malignant neoplasm of right ovary,,
C7962,other_cancers, Secondary malignant neoplasm of left ovary,,
C7970,other_cancers, Secondary malignant neoplasm of unspecified adrenal gland,,
C7971,other_cancers, Secondary malignant neoplasm of right adrenal gland,,
C7972,other_cancers, Secondary malignant neoplasm of left adrenal gland,,
C7981,other_cancers, Secondary malignant neoplasm of breast,,
C7982,other_cancers, Secondary malignant neoplasm of genital organs,,
C7989,other_cancers, Secondary malignant neoplasm of other specified sites,,
C799,other_cancers, Secondary malignant neoplasm of unspecified site,,
C800,other_cancers, Disseminated malignant neoplasm, unspecified,
C801,other_cancers, Malignant (primary) neoplasm, unspecified,
C802,other_cancers, Malignant neoplasm associated with transplanted organ,,
C8100,lymphatic_haemopoietic, Nodular lymphocyte predominant Hodgkin lymphoma, unspecified site,
C8101,lymphatic_haemopoietic, Nodular lymphocyte predominant Hodgkin lymphoma, lymph nodes of head, face
C8102,lymphatic_haemopoietic, Nodular lymphocyte predominant Hodgkin lymphoma, intrathoracic lymph nodes,
C8103,lymphatic_haemopoietic, Nodular lymphocyte predominant Hodgkin lymphoma, intra-abdominal lymph nodes,
C8104,lymphatic_haemopoietic, Nodular lymphocyte predominant Hodgkin lymphoma, lymph nodes of axilla and upper limb,
C8105,lymphatic_haemopoietic, Nodular lymphocyte predominant Hodgkin lymphoma, lymph nodes of inguinal region and lower limb,
C8106,lymphatic_haemopoietic, Nodular lymphocyte predominant Hodgkin lymphoma, intrapelvic lymph nodes,
C8107,lymphatic_haemopoietic, Nodular lymphocyte predominant Hodgkin lymphoma, spleen,
C8108,lymphatic_haemopoietic, Nodular lymphocyte predominant Hodgkin lymphoma, lymph nodes of multiple sites,
C8109,lymphatic_haemopoietic, Nodular lymphocyte predominant Hodgkin lymphoma, extranodal and solid organ sites,
C8110,lymphatic_haemopoietic, Nodular sclerosis classical Hodgkin lymphoma, unspecified site,
C8111,lymphatic_haemopoietic, Nodular sclerosis classical Hodgkin lymphoma, lymph nodes of head, face
C8112,lymphatic_haemopoietic, Nodular sclerosis classical Hodgkin lymphoma, intrathoracic lymph nodes,
C8113,lymphatic_haemopoietic, Nodular sclerosis classical Hodgkin lymphoma, intra-abdominal lymph nodes,
C8114,lymphatic_haemopoietic, Nodular sclerosis classical Hodgkin lymphoma, lymph nodes of axilla and upper limb,
C8115,lymphatic_haemopoietic, Nodular sclerosis classical Hodgkin lymphoma, lymph nodes of inguinal region and lower limb,
C8116,lymphatic_haemopoietic, Nodular sclerosis classical Hodgkin lymphoma, intrapelvic lymph nodes,
C8117,lymphatic_haemopoietic, Nodular sclerosis classical Hodgkin lymphoma, spleen,
C8118,lymphatic_haemopoietic, Nodular sclerosis classical Hodgkin lymphoma, lymph nodes of multiple sites,
C8119,lymphatic_haemopoietic, Nodular sclerosis classical Hodgkin lymphoma, extranodal and solid organ sites,
C8120,lymphatic_haemopoietic, Mixed cellularity classical Hodgkin lymphoma, unspecified site,
C8121,lymphatic_haemopoietic, Mixed cellularity classical Hodgkin lymphoma, lymph nodes of head, face
C8122,lymphatic_haemopoietic, Mixed cellularity classical Hodgkin lymphoma, intrathoracic lymph nodes,
C8123,lymphatic_haemopoietic, Mixed cellularity classical Hodgkin lymphoma, intra-abdominal lymph nodes,
C8124,lymphatic_haemopoietic, Mixed cellularity classical Hodgkin lymphoma, lymph nodes of axilla and upper limb,
C8125,lymphatic_haemopoietic, Mixed cellularity classical Hodgkin lymphoma, lymph nodes of inguinal region and lower limb,
C8126,lymphatic_haemopoietic, Mixed cellularity classical Hodgkin lymphoma, intrapelvic lymph nodes,
C8127,lymphatic_haemopoietic, Mixed cellularity classical Hodgkin lymphoma, spleen,
C8128,lymphatic_haemopoietic, Mixed cellularity classical Hodgkin lymphoma, lymph nodes of multiple sites,
C8129,lymphatic_haemopoietic, Mixed cellularity classical Hodgkin lymphoma, extranodal and solid organ sites,
C8130,lymphatic_haemopoietic, Lymphocyte depleted classical Hodgkin lymphoma, unspecified site,
C8131,lymphatic_haemopoietic, Lymphocyte depleted classical Hodgkin lymphoma, lymph nodes of head, face
C8132,lymphatic_haemopoietic, Lymphocyte depleted classical Hodgkin lymphoma, intrathoracic lymph nodes,
C8133,lymphatic_haemopoietic, Lymphocyte depleted classical Hodgkin lymphoma, intra-abdominal lymph nodes,
C8134,lymphatic_haemopoietic, Lymphocyte depleted classical Hodgkin lymphoma, lymph nodes of axilla and upper limb,
C8135,lymphatic_haemopoietic, Lymphocyte depleted classical Hodgkin lymphoma, lymph nodes of inguinal region and lower limb,
C8136,lymphatic_haemopoietic, Lymphocyte depleted classical Hodgkin lymphoma, intrapelvic lymph nodes,
C8137,lymphatic_haemopoietic, Lymphocyte depleted classical Hodgkin lymphoma, spleen,
C8138,lymphatic_haemopoietic, Lymphocyte depleted classical Hodgkin lymphoma, lymph nodes of multiple sites,
C8139,lymphatic_haemopoietic, Lymphocyte depleted classical Hodgkin lymphoma, extranodal and solid organ sites,
C8140,lymphatic_haemopoietic, Lymphocyte-rich classical Hodgkin lymphoma, unspecified site,
C8141,lymphatic_haemopoietic, Lymphocyte-rich classical Hodgkin lymphoma, lymph nodes of head, face
C8142,lymphatic_haemopoietic, Lymphocyte-rich classical Hodgkin lymphoma, intrathoracic lymph nodes,
C8143,lymphatic_haemopoietic, Lymphocyte-rich classical Hodgkin lymphoma, intra-abdominal lymph nodes,
C8144,lymphatic_haemopoietic, Lymphocyte-rich classical Hodgkin lymphoma, lymph nodes of axilla and upper limb,
C8145,lymphatic_haemopoietic, Lymphocyte-rich classical Hodgkin lymphoma, lymph nodes of inguinal region and lower limb,
C8146,lymphatic_haemopoietic, Lymphocyte-rich classical Hodgkin lymphoma, intrapelvic lymph nodes,
C8147,lymphatic_haemopoietic, Lymphocyte-rich classical Hodgkin lymphoma, spleen,
C8148,lymphatic_haemopoietic, Lymphocyte-rich classical Hodgkin lymphoma, lymph nodes of multiple sites,
C8149,lymphatic_haemopoietic, Lymphocyte-rich classical Hodgkin lymphoma, extranodal and solid organ sites,
C8170,lymphatic_haemopoietic, Other classical Hodgkin lymphoma, unspecified site,
C8171,lymphatic_haemopoietic, Other classical Hodgkin lymphoma, lymph nodes of head, face
C8172,lymphatic_haemopoietic, Other classical Hodgkin lymphoma, intrathoracic lymph nodes,
C8173,lymphatic_haemopoietic, Other classical Hodgkin lymphoma, intra-abdominal lymph nodes,
C8174,lymphatic_haemopoietic, Other classical Hodgkin lymphoma, lymph nodes of axilla and upper limb,
C8175,lymphatic_haemopoietic, Other classical Hodgkin lymphoma, lymph nodes of inguinal region and lower limb,
C8176,lymphatic_haemopoietic, Other classical Hodgkin lymphoma, intrapelvic lymph nodes,
C8177,lymphatic_haemopoietic, Other classical Hodgkin lymphoma, spleen,
C8178,lymphatic_haemopoietic, Other classical Hodgkin lymphoma, lymph nodes of multiple sites,
C8179,lymphatic_haemopoietic, Other classical Hodgkin lymphoma, extranodal and solid organ sites,
C8190,lymphatic_haemopoietic, Hodgkin lymphoma, unspecified, unspecified site
C8191,lymphatic_haemopoietic, Hodgkin lymphoma, unspecified, lymph nodes of head
C8192,lymphatic_haemopoietic, Hodgkin lymphoma, unspecified, intrathoracic lymph nodes
C8193,lymphatic_haemopoietic, Hodgkin lymphoma, unspecified, intra-abdominal lymph nodes
C8194,lymphatic_haemopoietic, Hodgkin lymphoma, unspecified, lymph nodes of axilla and upper limb
C8195,lymphatic_haemopoietic, Hodgkin lymphoma, unspecified, lymph nodes of inguinal region and lower limb
C8196,lymphatic_haemopoietic, Hodgkin lymphoma, unspecified, intrapelvic lymph nodes
C8197,lymphatic_haemopoietic, Hodgkin lymphoma, unspecified, spleen
C8198,lymphatic_haemopoietic, Hodgkin lymphoma, unspecified, lymph nodes of multiple sites
C8199,lymphatic_haemopoietic, Hodgkin lymphoma, unspecified, extranodal and solid organ sites
C8200,lymphatic_haemopoietic, Follicular lymphoma grade I, unspecified site,
C8201,lymphatic_haemopoietic, Follicular lymphoma grade I, lymph nodes of head, face
C8202,lymphatic_haemopoietic, Follicular lymphoma grade I, intrathoracic lymph nodes,
C8203,lymphatic_haemopoietic, Follicular lymphoma grade I, intra-abdominal lymph nodes,
C8204,lymphatic_haemopoietic, Follicular lymphoma grade I, lymph nodes of axilla and upper limb,
C8205,lymphatic_haemopoietic, Follicular lymphoma grade I, lymph nodes of inguinal region and lower limb,
C8206,lymphatic_haemopoietic, Follicular lymphoma grade I, intrapelvic lymph nodes,
C8207,lymphatic_haemopoietic, Follicular lymphoma grade I, spleen,
C8208,lymphatic_haemopoietic, Follicular lymphoma grade I, lymph nodes of multiple sites,
C8209,lymphatic_haemopoietic, Follicular lymphoma grade I, extranodal and solid organ sites,
C8210,lymphatic_haemopoietic, Follicular lymphoma grade II, unspecified site,
C8211,lymphatic_haemopoietic, Follicular lymphoma grade II, lymph nodes of head, face
C8212,lymphatic_haemopoietic, Follicular lymphoma grade II, intrathoracic lymph nodes,
C8213,lymphatic_haemopoietic, Follicular lymphoma grade II, intra-abdominal lymph nodes,
C8214,lymphatic_haemopoietic, Follicular lymphoma grade II, lymph nodes of axilla and upper limb,
C8215,lymphatic_haemopoietic, Follicular lymphoma grade II, lymph nodes of inguinal region and lower limb,
C8216,lymphatic_haemopoietic, Follicular lymphoma grade II, intrapelvic lymph nodes,
C8217,lymphatic_haemopoietic, Follicular lymphoma grade II, spleen,
C8218,lymphatic_haemopoietic, Follicular lymphoma grade II, lymph nodes of multiple sites,
C8219,lymphatic_haemopoietic, Follicular lymphoma grade II, extranodal and solid organ sites,
C8220,lymphatic_haemopoietic, Follicular lymphoma grade III, unspecified, unspecified site
C8221,lymphatic_haemopoietic, Follicular lymphoma grade III, unspecified, lymph nodes of head
C8222,lymphatic_haemopoietic, Follicular lymphoma grade III, unspecified, intrathoracic lymph nodes
C8223,lymphatic_haemopoietic, Follicular lymphoma grade III, unspecified, intra-abdominal lymph nodes
C8224,lymphatic_haemopoietic, Follicular lymphoma grade III, unspecified, lymph nodes of axilla and upper limb
C8225,lymphatic_haemopoietic, Follicular lymphoma grade III, unspecified, lymph nodes of inguinal region and lower limb
C8226,lymphatic_haemopoietic, Follicular lymphoma grade III, unspecified, intrapelvic lymph nodes
C8227,lymphatic_haemopoietic, Follicular lymphoma grade III, unspecified, spleen
C8228,lymphatic_haemopoietic, Follicular lymphoma grade III, unspecified, lymph nodes of multiple sites
C8229,lymphatic_haemopoietic, Follicular lymphoma grade III, unspecified, extranodal and solid organ sites
C8230,lymphatic_haemopoietic, Follicular lymphoma grade IIIa, unspecified site,
C8231,lymphatic_haemopoietic, Follicular lymphoma grade IIIa, lymph nodes of head, face
C8232,lymphatic_haemopoietic, Follicular lymphoma grade IIIa, intrathoracic lymph nodes,
C8233,lymphatic_haemopoietic, Follicular lymphoma grade IIIa, intra-abdominal lymph nodes,
C8234,lymphatic_haemopoietic, Follicular lymphoma grade IIIa, lymph nodes of axilla and upper limb,
C8235,lymphatic_haemopoietic, Follicular lymphoma grade IIIa, lymph nodes of inguinal region and lower limb,
C8236,lymphatic_haemopoietic, Follicular lymphoma grade IIIa, intrapelvic lymph nodes,
C8237,lymphatic_haemopoietic, Follicular lymphoma grade IIIa, spleen,
C8238,lymphatic_haemopoietic, Follicular lymphoma grade IIIa, lymph nodes of multiple sites,
C8239,lymphatic_haemopoietic, Follicular lymphoma grade IIIa, extranodal and solid organ sites,
C8240,lymphatic_haemopoietic, Follicular lymphoma grade IIIb, unspecified site,
C8241,lymphatic_haemopoietic, Follicular lymphoma grade IIIb, lymph nodes of head, face
C8242,lymphatic_haemopoietic, Follicular lymphoma grade IIIb, intrathoracic lymph nodes,
C8243,lymphatic_haemopoietic, Follicular lymphoma grade IIIb, intra-abdominal lymph nodes,
C8244,lymphatic_haemopoietic, Follicular lymphoma grade IIIb, lymph nodes of axilla and upper limb,
C8245,lymphatic_haemopoietic, Follicular lymphoma grade IIIb, lymph nodes of inguinal region and lower limb,
C8246,lymphatic_haemopoietic, Follicular lymphoma grade IIIb, intrapelvic lymph nodes,
C8247,lymphatic_haemopoietic, Follicular lymphoma grade IIIb, spleen,
C8248,lymphatic_haemopoietic, Follicular lymphoma grade IIIb, lymph nodes of multiple sites,
C8249,lymphatic_haemopoietic, Follicular lymphoma grade IIIb, extranodal and solid organ sites,
C8250,lymphatic_haemopoietic, Diffuse follicle center lymphoma, unspecified site,
C8251,lymphatic_haemopoietic, Diffuse follicle center lymphoma, lymph nodes of head, face
C8252,lymphatic_haemopoietic, Diffuse follicle center lymphoma, intrathoracic lymph nodes,
C8253,lymphatic_haemopoietic, Diffuse follicle center lymphoma, intra-abdominal lymph nodes,
C8254,lymphatic_haemopoietic, Diffuse follicle center lymphoma, lymph nodes of axilla and upper limb,
C8255,lymphatic_haemopoietic, Diffuse follicle center lymphoma, lymph nodes of inguinal region and lower limb,
C8256,lymphatic_haemopoietic, Diffuse follicle center lymphoma, intrapelvic lymph nodes,
C8257,lymphatic_haemopoietic, Diffuse follicle center lymphoma, spleen,
C8258,lymphatic_haemopoietic, Diffuse follicle center lymphoma, lymph nodes of multiple sites,
C8259,lymphatic_haemopoietic, Diffuse follicle center lymphoma, extranodal and solid organ sites,
C8260,lymphatic_haemopoietic, Cutaneous follicle center lymphoma, unspecified site,
C8261,lymphatic_haemopoietic, Cutaneous follicle center lymphoma, lymph nodes of head, face
C8262,lymphatic_haemopoietic, Cutaneous follicle center lymphoma, intrathoracic lymph nodes,
C8263,lymphatic_haemopoietic, Cutaneous follicle center lymphoma, intra-abdominal lymph nodes,
C8264,lymphatic_haemopoietic, Cutaneous follicle center lymphoma, lymph nodes of axilla and upper limb,
C8265,lymphatic_haemopoietic, Cutaneous follicle center lymphoma, lymph nodes of inguinal region and lower limb,
C8266,lymphatic_haemopoietic, Cutaneous follicle center lymphoma, intrapelvic lymph nodes,
C8267,lymphatic_haemopoietic, Cutaneous follicle center lymphoma, spleen,
C8268,lymphatic_haemopoietic, Cutaneous follicle center lymphoma, lymph nodes of multiple sites,
C8269,lymphatic_haemopoietic, Cutaneous follicle center lymphoma, extranodal and solid organ sites,
C8280,lymphatic_haemopoietic, Other types of follicular lymphoma, unspecified site,
C8281,lymphatic_haemopoietic, Other types of follicular lymphoma, lymph nodes of head, face
C8282,lymphatic_haemopoietic, Other types of follicular lymphoma, intrathoracic lymph nodes,
C8283,lymphatic_haemopoietic, Other types of follicular lymphoma, intra-abdominal lymph nodes,
C8284,lymphatic_haemopoietic, Other types of follicular lymphoma, lymph nodes of axilla and upper limb,
C8285,lymphatic_haemopoietic, Other types of follicular lymphoma, lymph nodes of inguinal region and lower limb,
C8286,lymphatic_haemopoietic, Other types of follicular lymphoma, intrapelvic lymph nodes,
C8287,lymphatic_haemopoietic, Other types of follicular lymphoma, spleen,
C8288,lymphatic_haemopoietic, Other types of follicular lymphoma, lymph nodes of multiple sites,
C8289,lymphatic_haemopoietic, Other types of follicular lymphoma, extranodal and solid organ sites,
C8290,lymphatic_haemopoietic, Follicular lymphoma, unspecified, unspecified site
C8291,lymphatic_haemopoietic, Follicular lymphoma, unspecified, lymph nodes of head
C8292,lymphatic_haemopoietic, Follicular lymphoma, unspecified, intrathoracic lymph nodes
C8293,lymphatic_haemopoietic, Follicular lymphoma, unspecified, intra-abdominal lymph nodes
C8294,lymphatic_haemopoietic, Follicular lymphoma, unspecified, lymph nodes of axilla and upper limb
C8295,lymphatic_haemopoietic, Follicular lymphoma, unspecified, lymph nodes of inguinal region and lower limb
C8296,lymphatic_haemopoietic, Follicular lymphoma, unspecified, intrapelvic lymph nodes
C8297,lymphatic_haemopoietic, Follicular lymphoma, unspecified, spleen
C8298,lymphatic_haemopoietic, Follicular lymphoma, unspecified, lymph nodes of multiple sites
C8299,lymphatic_haemopoietic, Follicular lymphoma, unspecified, extranodal and solid organ sites
C8300,lymphatic_haemopoietic, Small cell B-cell lymphoma, unspecified site,
C8301,lymphatic_haemopoietic, Small cell B-cell lymphoma, lymph nodes of head, face
C8302,lymphatic_haemopoietic, Small cell B-cell lymphoma, intrathoracic lymph nodes,
C8303,lymphatic_haemopoietic, Small cell B-cell lymphoma, intra-abdominal lymph nodes,
C8304,lymphatic_haemopoietic, Small cell B-cell lymphoma, lymph nodes of axilla and upper limb,
C8305,lymphatic_haemopoietic, Small cell B-cell lymphoma, lymph nodes of inguinal region and lower limb,
C8306,lymphatic_haemopoietic, Small cell B-cell lymphoma, intrapelvic lymph nodes,
C8307,lymphatic_haemopoietic, Small cell B-cell lymphoma, spleen,
C8308,lymphatic_haemopoietic, Small cell B-cell lymphoma, lymph nodes of multiple sites,
C8309,lymphatic_haemopoietic, Small cell B-cell lymphoma, extranodal and solid organ sites,
C8310,lymphatic_haemopoietic, Mantle cell lymphoma, unspecified site,
C8311,lymphatic_haemopoietic, Mantle cell lymphoma, lymph nodes of head, face
C8312,lymphatic_haemopoietic, Mantle cell lymphoma, intrathoracic lymph nodes,
C8313,lymphatic_haemopoietic, Mantle cell lymphoma, intra-abdominal lymph nodes,
C8314,lymphatic_haemopoietic, Mantle cell lymphoma, lymph nodes of axilla and upper limb,
C8315,lymphatic_haemopoietic, Mantle cell lymphoma, lymph nodes of inguinal region and lower limb,
C8316,lymphatic_haemopoietic, Mantle cell lymphoma, intrapelvic lymph nodes,
C8317,lymphatic_haemopoietic, Mantle cell lymphoma, spleen,
C8318,lymphatic_haemopoietic, Mantle cell lymphoma, lymph nodes of multiple sites,
C8319,lymphatic_haemopoietic, Mantle cell lymphoma, extranodal and solid organ sites,
C8330,lymphatic_haemopoietic, Diffuse large B-cell lymphoma, unspecified site,
C8331,lymphatic_haemopoietic, Diffuse large B-cell lymphoma, lymph nodes of head, face
C8332,lymphatic_haemopoietic, Diffuse large B-cell lymphoma, intrathoracic lymph nodes,
C8333,lymphatic_haemopoietic, Diffuse large B-cell lymphoma, intra-abdominal lymph nodes,
C8334,lymphatic_haemopoietic, Diffuse large B-cell lymphoma, lymph nodes of axilla and upper limb,
C8335,lymphatic_haemopoietic, Diffuse large B-cell lymphoma, lymph nodes of inguinal region and lower limb,
C8336,lymphatic_haemopoietic, Diffuse large B-cell lymphoma, intrapelvic lymph nodes,
C8337,lymphatic_haemopoietic, Diffuse large B-cell lymphoma, spleen,
C8338,lymphatic_haemopoietic, Diffuse large B-cell lymphoma, lymph nodes of multiple sites,
C8339,lymphatic_haemopoietic, Diffuse large B-cell lymphoma, extranodal and solid organ sites,
C8350,lymphatic_haemopoietic, Lymphoblastic (diffuse) lymphoma, unspecified site,
C8351,lymphatic_haemopoietic, Lymphoblastic (diffuse) lymphoma, lymph nodes of head, face
C8352,lymphatic_haemopoietic, Lymphoblastic (diffuse) lymphoma, intrathoracic lymph nodes,
C8353,lymphatic_haemopoietic, Lymphoblastic (diffuse) lymphoma, intra-abdominal lymph nodes,
C8354,lymphatic_haemopoietic, Lymphoblastic (diffuse) lymphoma, lymph nodes of axilla and upper limb,
C8355,lymphatic_haemopoietic, Lymphoblastic (diffuse) lymphoma, lymph nodes of inguinal region and lower limb,
C8356,lymphatic_haemopoietic, Lymphoblastic (diffuse) lymphoma, intrapelvic lymph nodes,
C8357,lymphatic_haemopoietic, Lymphoblastic (diffuse) lymphoma, spleen,
C8358,lymphatic_haemopoietic, Lymphoblastic (diffuse) lymphoma, lymph nodes of multiple sites,
C8359,lymphatic_haemopoietic, Lymphoblastic (diffuse) lymphoma, extranodal and solid organ sites,
C8370,lymphatic_haemopoietic, Burkitt lymphoma, unspecified site,
C8371,lymphatic_haemopoietic, Burkitt lymphoma, lymph nodes of head, face
C8372,lymphatic_haemopoietic, Burkitt lymphoma, intrathoracic lymph nodes,
C8373,lymphatic_haemopoietic, Burkitt lymphoma, intra-abdominal lymph nodes,
C8374,lymphatic_haemopoietic, Burkitt lymphoma, lymph nodes of axilla and upper limb,
C8375,lymphatic_haemopoietic, Burkitt lymphoma, lymph nodes of inguinal region and lower limb,
C8376,lymphatic_haemopoietic, Burkitt lymphoma, intrapelvic lymph nodes,
C8377,lymphatic_haemopoietic, Burkitt lymphoma, spleen,
C8378,lymphatic_haemopoietic, Burkitt lymphoma, lymph nodes of multiple sites,
C8379,lymphatic_haemopoietic, Burkitt lymphoma, extranodal and solid organ sites,
C8380,lymphatic_haemopoietic, Other non-follicular lymphoma, unspecified site,
C8381,lymphatic_haemopoietic, Other non-follicular lymphoma, lymph nodes of head, face
C8382,lymphatic_haemopoietic, Other non-follicular lymphoma, intrathoracic lymph nodes,
C8383,lymphatic_haemopoietic, Other non-follicular lymphoma, intra-abdominal lymph nodes,
C8384,lymphatic_haemopoietic, Other non-follicular lymphoma, lymph nodes of axilla and upper limb,
C8385,lymphatic_haemopoietic, Other non-follicular lymphoma, lymph nodes of inguinal region and lower limb,
C8386,lymphatic_haemopoietic, Other non-follicular lymphoma, intrapelvic lymph nodes,
C8387,lymphatic_haemopoietic, Other non-follicular lymphoma, spleen,
C8388,lymphatic_haemopoietic, Other non-follicular lymphoma, lymph nodes of multiple sites,
C8389,lymphatic_haemopoietic, Other non-follicular lymphoma, extranodal and solid organ sites,
C8390,lymphatic_haemopoietic, Non-follicular (diffuse) lymphoma, unspecified, unspecified site
C8391,lymphatic_haemopoietic, Non-follicular (diffuse) lymphoma, unspecified, lymph nodes of head
C8392,lymphatic_haemopoietic, Non-follicular (diffuse) lymphoma, unspecified, intrathoracic lymph nodes
C8393,lymphatic_haemopoietic, Non-follicular (diffuse) lymphoma, unspecified, intra-abdominal lymph nodes
C8394,lymphatic_haemopoietic, Non-follicular (diffuse) lymphoma, unspecified, lymph nodes of axilla and upper limb
C8395,lymphatic_haemopoietic, Non-follicular (diffuse) lymphoma, unspecified, lymph nodes of inguinal region and lower limb
C8396,lymphatic_haemopoietic, Non-follicular (diffuse) lymphoma, unspecified, intrapelvic lymph nodes
C8397,lymphatic_haemopoietic, Non-follicular (diffuse) lymphoma, unspecified, spleen
C8398,lymphatic_haemopoietic, Non-follicular (diffuse) lymphoma, unspecified, lymph nodes of multiple sites
C8399,lymphatic_haemopoietic, Non-follicular (diffuse) lymphoma, unspecified, extranodal and solid organ sites
C8400,lymphatic_haemopoietic, Mycosis fungoides, unspecified site,
C8401,lymphatic_haemopoietic, Mycosis fungoides, lymph nodes of head, face
C8402,lymphatic_haemopoietic, Mycosis fungoides, intrathoracic lymph nodes,
C8403,lymphatic_haemopoietic, Mycosis fungoides, intra-abdominal lymph nodes,
C8404,lymphatic_haemopoietic, Mycosis fungoides, lymph nodes of axilla and upper limb,
C8405,lymphatic_haemopoietic, Mycosis fungoides, lymph nodes of inguinal region and lower limb,
C8406,lymphatic_haemopoietic, Mycosis fungoides, intrapelvic lymph nodes,
C8407,lymphatic_haemopoietic, Mycosis fungoides, spleen,
C8408,lymphatic_haemopoietic, Mycosis fungoides, lymph nodes of multiple sites,
C8409,lymphatic_haemopoietic, Mycosis fungoides, extranodal and solid organ sites,
C8410,lymphatic_haemopoietic, Sezary disease, unspecified site,
C8411,lymphatic_haemopoietic, Sezary disease, lymph nodes of head, face
C8412,lymphatic_haemopoietic, Sezary disease, intrathoracic lymph nodes,
C8413,lymphatic_haemopoietic, Sezary disease, intra-abdominal lymph nodes,
C8414,lymphatic_haemopoietic, Sezary disease, lymph nodes of axilla and upper limb,
C8415,lymphatic_haemopoietic, Sezary disease, lymph nodes of inguinal region and lower limb,
C8416,lymphatic_haemopoietic, Sezary disease, intrapelvic lymph nodes,
C8417,lymphatic_haemopoietic, Sezary disease, spleen,
C8418,lymphatic_haemopoietic, Sezary disease, lymph nodes of multiple sites,
C8419,lymphatic_haemopoietic, Sezary disease, extranodal and solid organ sites,
C8440,lymphatic_haemopoietic, Peripheral T-cell lymphoma, not classified, unspecified site
C8441,lymphatic_haemopoietic, Peripheral T-cell lymphoma, not classified, lymph nodes of head
C8442,lymphatic_haemopoietic, Peripheral T-cell lymphoma, not classified, intrathoracic lymph nodes
C8443,lymphatic_haemopoietic, Peripheral T-cell lymphoma, not classified, intra-abdominal lymph nodes
C8444,lymphatic_haemopoietic, Peripheral T-cell lymphoma, not classified, lymph nodes of axilla and upper limb
C8445,lymphatic_haemopoietic, Peripheral T-cell lymphoma, not classified, lymph nodes of inguinal region and lower limb
C8446,lymphatic_haemopoietic, Peripheral T-cell lymphoma, not classified, intrapelvic lymph nodes
C8447,lymphatic_haemopoietic, Peripheral T-cell lymphoma, not classified, spleen
C8448,lymphatic_haemopoietic, Peripheral T-cell lymphoma, not classified, lymph nodes of multiple sites
C8449,lymphatic_haemopoietic, Peripheral T-cell lymphoma, not classified, extranodal and solid organ sites
C8460,lymphatic_haemopoietic, Anaplastic large cell lymphoma, ALK-positive, unspecified site
C8461,lymphatic_haemopoietic, Anaplastic large cell lymphoma, ALK-positive, lymph nodes of head
C8462,lymphatic_haemopoietic, Anaplastic large cell lymphoma, ALK-positive, intrathoracic lymph nodes
C8463,lymphatic_haemopoietic, Anaplastic large cell lymphoma, ALK-positive, intra-abdominal lymph nodes
C8464,lymphatic_haemopoietic, Anaplastic large cell lymphoma, ALK-positive, lymph nodes of axilla and upper limb
C8465,lymphatic_haemopoietic, Anaplastic large cell lymphoma, ALK-positive, lymph nodes of inguinal region and lower limb
C8466,lymphatic_haemopoietic, Anaplastic large cell lymphoma, ALK-positive, intrapelvic lymph nodes
C8467,lymphatic_haemopoietic, Anaplastic large cell lymphoma, ALK-positive, spleen
C8468,lymphatic_haemopoietic, Anaplastic large cell lymphoma, ALK-positive, lymph nodes of multiple sites
C8469,lymphatic_haemopoietic, Anaplastic large cell lymphoma, ALK-positive, extranodal and solid organ sites
C8470,lymphatic_haemopoietic, Anaplastic large cell lymphoma, ALK-negative, unspecified site
C8471,lymphatic_haemopoietic, Anaplastic large cell lymphoma, ALK-negative, lymph nodes of head
C8472,lymphatic_haemopoietic, Anaplastic large cell lymphoma, ALK-negative, intrathoracic lymph nodes
C8473,lymphatic_haemopoietic, Anaplastic large cell lymphoma, ALK-negative, intra-abdominal lymph nodes
C8474,lymphatic_haemopoietic, Anaplastic large cell lymphoma, ALK-negative, lymph nodes of axilla and upper limb
C8475,lymphatic_haemopoietic, Anaplastic large cell lymphoma, ALK-negative, lymph nodes of inguinal region and lower limb
C8476,lymphatic_haemopoietic, Anaplastic large cell lymphoma, ALK-negative, intrapelvic lymph nodes
C8477,lymphatic_haemopoietic, Anaplastic large cell lymphoma, ALK-negative, spleen
C8478,lymphatic_haemopoietic, Anaplastic large cell lymphoma, ALK-negative, lymph nodes of multiple sites
C8479,lymphatic_haemopoietic, Anaplastic large cell lymphoma, ALK-negative, extranodal and solid organ sites
C84A0,lymphatic_haemopoietic, Cutaneous T-cell lymphoma, unspecified, unspecified site
C84A1,lymphatic_haemopoietic, Cutaneous T-cell lymphoma, unspecified lymph nodes of head, face
C84A2,lymphatic_haemopoietic, Cutaneous T-cell lymphoma, unspecified, intrathoracic lymph nodes
C84A3,lymphatic_haemopoietic, Cutaneous T-cell lymphoma, unspecified, intra-abdominal lymph nodes
C84A4,lymphatic_haemopoietic, Cutaneous T-cell lymphoma, unspecified, lymph nodes of axilla and upper limb
C84A5,lymphatic_haemopoietic, Cutaneous T-cell lymphoma, unspecified, lymph nodes of inguinal region and lower limb
C84A6,lymphatic_haemopoietic, Cutaneous T-cell lymphoma, unspecified, intrapelvic lymph nodes
C84A7,lymphatic_haemopoietic, Cutaneous T-cell lymphoma, unspecified, spleen
C84A8,lymphatic_haemopoietic, Cutaneous T-cell lymphoma, unspecified, lymph nodes of multiple sites
C84A9,lymphatic_haemopoietic, Cutaneous T-cell lymphoma, unspecified, extranodal and solid organ sites
C84Z0,lymphatic_haemopoietic, Other mature T/NK-cell lymphomas, unspecified site,
C84Z1,lymphatic_haemopoietic, Other mature T/NK-cell lymphomas, lymph nodes of head, face
C84Z2,lymphatic_haemopoietic, Other mature T/NK-cell lymphomas, intrathoracic lymph nodes,
C84Z3,lymphatic_haemopoietic, Other mature T/NK-cell lymphomas, intra-abdominal lymph nodes,
C84Z4,lymphatic_haemopoietic, Other mature T/NK-cell lymphomas, lymph nodes of axilla and upper limb,
C84Z5,lymphatic_haemopoietic, Other mature T/NK-cell lymphomas, lymph nodes of inguinal region and lower limb,
C84Z6,lymphatic_haemopoietic, Other mature T/NK-cell lymphomas, intrapelvic lymph nodes,
C84Z7,lymphatic_haemopoietic, Other mature T/NK-cell lymphomas, spleen,
C84Z8,lymphatic_haemopoietic, Other mature T/NK-cell lymphomas, lymph nodes of multiple sites,
C84Z9,lymphatic_haemopoietic, Other mature T/NK-cell lymphomas, extranodal and solid organ sites,
C8490,lymphatic_haemopoietic, Mature T/NK-cell lymphomas, unspecified, unspecified site
C8491,lymphatic_haemopoietic, Mature T/NK-cell lymphomas, unspecified, lymph nodes of head
C8492,lymphatic_haemopoietic, Mature T/NK-cell lymphomas, unspecified, intrathoracic lymph nodes
C8493,lymphatic_haemopoietic, Mature T/NK-cell lymphomas, unspecified, intra-abdominal lymph nodes
C8494,lymphatic_haemopoietic, Mature T/NK-cell lymphomas, unspecified, lymph nodes of axilla and upper limb
C8495,lymphatic_haemopoietic, Mature T/NK-cell lymphomas, unspecified, lymph nodes of inguinal region and lower limb
C8496,lymphatic_haemopoietic, Mature T/NK-cell lymphomas, unspecified, intrapelvic lymph nodes
C8497,lymphatic_haemopoietic, Mature T/NK-cell lymphomas, unspecified, spleen
C8498,lymphatic_haemopoietic, Mature T/NK-cell lymphomas, unspecified, lymph nodes of multiple sites
C8499,lymphatic_haemopoietic, Mature T/NK-cell lymphomas, unspecified, extranodal and solid organ sites
C8510,lymphatic_haemopoietic, Unspecified B-cell lymphoma, unspecified site,
C8511,lymphatic_haemopoietic, Unspecified B-cell lymphoma, lymph nodes of head, face
C8512,lymphatic_haemopoietic, Unspecified B-cell lymphoma, intrathoracic lymph nodes,
C8513,lymphatic_haemopoietic, Unspecified B-cell lymphoma, intra-abdominal lymph nodes,
C8514,lymphatic_haemopoietic, Unspecified B-cell lymphoma, lymph nodes of axilla and upper limb,
C8515,lymphatic_haemopoietic, Unspecified B-cell lymphoma, lymph nodes of inguinal region and lower limb,
C8516,lymphatic_haemopoietic, Unspecified B-cell lymphoma, intrapelvic lymph nodes,
C8517,lymphatic_haemopoietic, Unspecified B-cell lymphoma, spleen,
C8518,lymphatic_haemopoietic, Unspecified B-cell lymphoma, lymph nodes of multiple sites,
C8519,lymphatic_haemopoietic, Unspecified B-cell lymphoma, extranodal and solid organ sites,
C8520,lymphatic_haemopoietic, Mediastinal (thymic) large B-cell lymphoma, unspecified site,
C8521,lymphatic_haemopoietic, Mediastinal (thymic) large B-cell lymphoma, lymph nodes of head, face
C8522,lymphatic_haemopoietic, Mediastinal (thymic) large B-cell lymphoma, intrathoracic lymph nodes,
C8523,lymphatic_haemopoietic, Mediastinal (thymic) large B-cell lymphoma, intra-abdominal lymph nodes,
C8524,lymphatic_haemopoietic, Mediastinal (thymic) large B-cell lymphoma, lymph nodes of axilla and upper limb,
C8525,lymphatic_haemopoietic, Mediastinal (thymic) large B-cell lymphoma, lymph nodes of inguinal region and lower limb,
C8526,lymphatic_haemopoietic, Mediastinal (thymic) large B-cell lymphoma, intrapelvic lymph nodes,
C8527,lymphatic_haemopoietic, Mediastinal (thymic) large B-cell lymphoma, spleen,
C8528,lymphatic_haemopoietic, Mediastinal (thymic) large B-cell lymphoma, lymph nodes of multiple sites,
C8529,lymphatic_haemopoietic, Mediastinal (thymic) large B-cell lymphoma, extranodal and solid organ sites,
C8580,lymphatic_haemopoietic, Other specified types of non-Hodgkin lymphoma, unspecified site,
C8581,lymphatic_haemopoietic, Other specified types of non-Hodgkin lymphoma, lymph nodes of head, face
C8582,lymphatic_haemopoietic, Other specified types of non-Hodgkin lymphoma, intrathoracic lymph nodes,
C8583,lymphatic_haemopoietic, Other specified types of non-Hodgkin lymphoma, intra-abdominal lymph nodes,
C8584,lymphatic_haemopoietic, Other specified types of non-Hodgkin lymphoma, lymph nodes of axilla and upper limb,
C8585,lymphatic_haemopoietic, Other specified types of non-Hodgkin lymphoma, lymph nodes of inguinal region and lower limb,
C8586,lymphatic_haemopoietic, Other specified types of non-Hodgkin lymphoma, intrapelvic lymph nodes,
C8587,lymphatic_haemopoietic, Other specified types of non-Hodgkin lymphoma, spleen,
C8588,lymphatic_haemopoietic, Other specified types of non-Hodgkin lymphoma, lymph nodes of multiple sites,
C8589,lymphatic_haemopoietic, Other specified types of non-Hodgkin lymphoma, extranodal and solid organ sites,
C8590,lymphatic_haemopoietic, Non-Hodgkin lymphoma, unspecified, unspecified site
C8591,lymphatic_haemopoietic, Non-Hodgkin lymphoma, unspecified, lymph nodes of head
C8592,lymphatic_haemopoietic, Non-Hodgkin lymphoma, unspecified, intrathoracic lymph nodes
C8593,lymphatic_haemopoietic, Non-Hodgkin lymphoma, unspecified, intra-abdominal lymph nodes
C8594,lymphatic_haemopoietic, Non-Hodgkin lymphoma, unspecified, lymph nodes of axilla and upper limb
C8595,lymphatic_haemopoietic, Non-Hodgkin lymphoma, unspecified, lymph nodes of inguinal region and lower limb
C8596,lymphatic_haemopoietic, Non-Hodgkin lymphoma, unspecified, intrapelvic lymph nodes
C8597,lymphatic_haemopoietic, Non-Hodgkin lymphoma, unspecified, spleen
C8598,lymphatic_haemopoietic, Non-Hodgkin lymphoma, unspecified, lymph nodes of multiple sites
C8599,lymphatic_haemopoietic, Non-Hodgkin lymphoma, unspecified, extranodal and solid organ sites
C860,lymphatic_haemopoietic, Extranodal NK/T-cell lymphoma, nasal type,
C861,lymphatic_haemopoietic, Hepatosplenic T-cell lymphoma,,
C862,lymphatic_haemopoietic, Enteropathy-type (intestinal) T-cell lymphoma,,
C863,lymphatic_haemopoietic, Subcutaneous panniculitis-like T-cell lymphoma,,
C864,lymphatic_haemopoietic, Blastic NK-cell lymphoma,,
C865,lymphatic_haemopoietic, Angioimmunoblastic T-cell lymphoma,,
C866,lymphatic_haemopoietic, Primary cutaneous CD30-positive T-cell proliferations,,
C880,lymphatic_haemopoietic, Waldenstrom macroglobulinemia,,
C882,lymphatic_haemopoietic, Heavy chain disease,,
C883,lymphatic_haemopoietic, Immunoproliferative small intestinal disease,,
C884,lymphatic_haemopoietic, Extranodal marginal zone B-cell lymphoma of mucosa-associated lymphoid tissue [MALT-lymphoma],,
C888,lymphatic_haemopoietic, Other malignant immunoproliferative diseases,,
C889,lymphatic_haemopoietic, Malignant immunoproliferative disease, unspecified,
C9000,lymphatic_haemopoietic, Multiple myeloma not having achieved remission,,
C9001,lymphatic_haemopoietic, Multiple myeloma in remission,,
C9002,lymphatic_haemopoietic, Multiple myeloma in relapse,,
C9010,plasma_cells, Plasma cell leukaemia not having achieved remission,,
C9011,plasma_cells, Plasma cell leukaemia in remission,,
C9012,plasma_cells, Plasma cell leukaemia in relapse,,
C9020,plasma_cells, Extramedullary plasmacytoma not having achieved remission,,
C9021,plasma_cells, Extramedullary plasmacytoma in remission,,
C9022,plasma_cells, Extramedullary plasmacytoma in relapse,,
C9030,plasma_cells, Solitary plasmacytoma not having achieved remission,,
C9031,plasma_cells, Solitary plasmacytoma in remission,,
C9032,plasma_cells, Solitary plasmacytoma in relapse,,
C9100,leukaemia, Acute lymphoblastic leukaemia not having achieved remission,,
C9101,leukaemia, Acute lymphoblastic leukaemia, in remission,
C9102,leukaemia, Acute lymphoblastic leukaemia, in relapse,
C9110,leukaemia, Chronic lymphocytic leukaemia of B-cell type not having achieved remission,,
C9111,leukaemia, Chronic lymphocytic leukaemia of B-cell type in remission,,
C9112,leukaemia, Chronic lymphocytic leukaemia of B-cell type in relapse,,
C9130,leukaemia, Prolymphocytic leukaemia of B-cell type not having achieved remission,,
C9131,leukaemia, Prolymphocytic leukaemia of B-cell type, in remission,
C9132,leukaemia, Prolymphocytic leukaemia of B-cell type, in relapse,
C9140,leukaemia, Hairy cell leukaemia not having achieved remission,,
C9141,leukaemia, Hairy cell leukaemia, in remission,
C9142,leukaemia, Hairy cell leukaemia, in relapse,
C9150,leukaemia, Adult T-cell lymphoma/leukaemia (HTLV-1-associated) not having achieved remission,,
C9151,leukaemia, Adult T-cell lymphoma/leukaemia (HTLV-1-associated), in remission,
C9152,leukaemia, Adult T-cell lymphoma/leukaemia (HTLV-1-associated), in relapse,
C9160,leukaemia, Prolymphocytic leukaemia of T-cell type not having achieved remission,,
C9161,leukaemia, Prolymphocytic leukaemia of T-cell type, in remission,
C9162,leukaemia, Prolymphocytic leukaemia of T-cell type, in relapse,
C91A0,leukaemia, Mature B-cell leukaemia Burkitt-type not having achieved remission,,
C91A1,leukaemia, Mature B-cell leukaemia Burkitt-type, in remission,
C91A2,leukaemia, Mature B-cell leukaemia Burkitt-type, in relapse,
C91Z0,leukaemia, Other lymphoid leukaemia not having achieved remission,,
C91Z1,leukaemia, Other lymphoid leukaemia, in remission,
C91Z2,leukaemia, Other lymphoid leukaemia, in relapse,
C9190,leukaemia, Lymphoid leukaemia, unspecified not having achieved remission,
C9191,leukaemia, Lymphoid leukaemia, unspecified, in remission
C9192,leukaemia, Lymphoid leukaemia, unspecified, in relapse
C9200,leukaemia, Acute myeloblastic leukaemia, not having achieved remission,
C9201,leukaemia, Acute myeloblastic leukaemia, in remission,
C9202,leukaemia, Acute myeloblastic leukaemia, in relapse,
C9210,leukaemia, Chronic myeloid leukaemia, BCR/ABL-positive, not having achieved remission
C9211,leukaemia, Chronic myeloid leukaemia, BCR/ABL-positive, in remission
C9212,leukaemia, Chronic myeloid leukaemia, BCR/ABL-positive, in relapse
C9220,leukaemia, Atypical chronic myeloid leukaemia, BCR/ABL-negative, not having achieved remission
C9221,leukaemia, Atypical chronic myeloid leukaemia, BCR/ABL-negative, in remission
C9222,leukaemia, Atypical chronic myeloid leukaemia, BCR/ABL-negative, in relapse
C9230,leukaemia, Myeloid sarcoma, not having achieved remission,
C9231,leukaemia, Myeloid sarcoma, in remission,
C9232,leukaemia, Myeloid sarcoma, in relapse,
C9240,leukaemia, Acute promyelocytic leukaemia, not having achieved remission,
C9241,leukaemia, Acute promyelocytic leukaemia, in remission,
C9242,leukaemia, Acute promyelocytic leukaemia, in relapse,
C9250,leukaemia, Acute myelomonocytic leukaemia, not having achieved remission,
C9251,leukaemia, Acute myelomonocytic leukaemia, in remission,
C9252,leukaemia, Acute myelomonocytic leukaemia, in relapse,
C9260,leukaemia, Acute myeloid leukaemia with 11q23-abnormality not having achieved remission,,
C9261,leukaemia, Acute myeloid leukaemia with 11q23-abnormality in remission,,
C9262,leukaemia, Acute myeloid leukaemia with 11q23-abnormality in relapse,,
C92A0,leukaemia, Acute myeloid leukaemia with multilineage dysplasia, not having achieved remission,
C92A1,leukaemia, Acute myeloid leukaemia with multilineage dysplasia, in remission,
C92A2,leukaemia, Acute myeloid leukaemia with multilineage dysplasia, in relapse,
C92Z0,leukaemia, Other myeloid leukaemia not having achieved remission,,
C92Z1,leukaemia, Other myeloid leukaemia, in remission,
C92Z2,leukaemia, Other myeloid leukaemia, in relapse,
C9290,leukaemia, Myeloid leukaemia, unspecified, not having achieved remission
C9291,leukaemia, Myeloid leukaemia, unspecified in remission,
C9292,leukaemia, Myeloid leukaemia, unspecified in relapse,
C9300,leukaemia, Acute monoblastic/monocytic leukaemia, not having achieved remission,
C9301,leukaemia, Acute monoblastic/monocytic leukaemia, in remission,
C9302,leukaemia, Acute monoblastic/monocytic leukaemia, in relapse,
C9310,leukaemia, Chronic myelomonocytic leukaemia not having achieved remission,,
C9311,leukaemia, Chronic myelomonocytic leukaemia, in remission,
C9312,leukaemia, Chronic myelomonocytic leukaemia, in relapse,
C9330,leukaemia, Juvenile myelomonocytic leukaemia, not having achieved remission,
C9331,leukaemia, Juvenile myelomonocytic leukaemia, in remission,
C9332,leukaemia, Juvenile myelomonocytic leukaemia, in relapse,
C93Z0,leukaemia, Other monocytic leukaemia, not having achieved remission,
C93Z1,leukaemia, Other monocytic leukaemia, in remission,
C93Z2,leukaemia, Other monocytic leukaemia, in relapse,
C9390,leukaemia, Monocytic leukaemia, unspecified, not having achieved remission
C9391,leukaemia, Monocytic leukaemia, unspecified in remission,
C9392,leukaemia, Monocytic leukaemia, unspecified in relapse,
C9400,leukaemia, Acute erythroid leukaemia, not having achieved remission,
C9401,leukaemia, Acute erythroid leukaemia, in remission,
C9402,leukaemia, Acute erythroid leukaemia, in relapse,
C9420,leukaemia, Acute megakaryoblastic leukaemia not having achieved remission,,
C9421,leukaemia, Acute megakaryoblastic leukaemia, in remission,
C9422,leukaemia, Acute megakaryoblastic leukaemia, in relapse,
C9430,leukaemia, Mast cell leukaemia not having achieved remission,,
C9431,leukaemia, Mast cell leukaemia, in remission,
C9432,leukaemia, Mast cell leukaemia, in relapse,
C9440,leukaemia, Acute panmyelosis with myelofibrosis not having achieved remission,,
C9441,leukaemia, Acute panmyelosis with myelofibrosis, in remission,
C9442,leukaemia, Acute panmyelosis with myelofibrosis, in relapse,
C946,leukaemia, Myelodysplastic disease, not classified,
C9480,leukaemia, Other specified leukaemias not having achieved remission,,
C9481,leukaemia, Other specified leukaemias, in remission,
C9482,leukaemia, Other specified leukaemias, in relapse,
C9500,leukaemia, Acute leukaemia of unspecified cell type not having achieved remission,,
C9501,leukaemia, Acute leukaemia of unspecified cell type, in remission,
C9502,leukaemia, Acute leukaemia of unspecified cell type, in relapse,
C9510,leukaemia, Chronic leukaemia of unspecified cell type not having achieved remission,,
C9511,leukaemia, Chronic leukaemia of unspecified cell type, in remission,
C9512,leukaemia, Chronic leukaemia of unspecified cell type, in relapse,
C9590,leukaemia, leukaemia, unspecified not having achieved remission,
C9591,leukaemia, leukaemia, unspecified, in remission
C9592,leukaemia, leukaemia, unspecified, in relapse
C960,lymphatic_haemopoietic, Multifocal and multisystemic (disseminated) Langerhans-cell histiocytosis,,
C962,lymphatic_haemopoietic, Malignant mast cell tumor,,
C964,lymphatic_haemopoietic, Sarcoma of dendritic cells (accessory cells),,
C965,lymphatic_haemopoietic, Multifocal and unisystemic Langerhans-cell histiocytosis,,
C966,lymphatic_haemopoietic, Unifocal Langerhans-cell histiocytosis,,
C96A,lymphatic_haemopoietic, Histiocytic sarcoma,,
C96Z,lymphatic_haemopoietic, Other specified malignant neoplasms of lymphoid, hematopoietic and related tissue,
C969,lymphatic_haemopoietic, Malignant neoplasm of lymphoid, hematopoietic and related tissue, unspecified
